family,description,ref,book_name,chapter,verse,greek_text,fresh_translation,bucket,dominant_bucket,dominant_count,family_row_count,nt_parallel_refs,nt_parallel_greek,nt_parallel_gloss,nt_parallel_notes,nt_parallel_count,nt_parallel_weight
call-on-name-formula,"Active invocation formula, calling on the divine name.",1 Kings 8:43,1 Kings,8,43,και συ εισακουση εκ του ουρανου εξ ετοιμου κατοικητηριου σου και ποιησεις κατα παντα οσα αν επικαλεσηται σε ο αλλοτριος οπως γνωσιν παντες οι λαοι το ονομα σου και φοβωνται σε καθως ο λαος σου ισραηλ και γνωσιν οτι το ονομα σου επικεκληται επι τον οικον τουτον ον ωκοδομησα,"then you will hear from heaven from your ready dwelling place and do according to all that the foreigner calls on you for, so that all the peoples of the earth may know your name and fear you as your people Israel do, and may know that your name is called upon this house that I built.",other,call-on-name,5,13,Acts 2:21; Romans 10:13; 1 Corinthians 1:2; 2 Timothy 2:22,Acts 2:21: πᾶς ὃς ἂν ἐπικαλέσηται τὸ ὄνομα κυρίου || Romans 10:13: πᾶς γὰρ ὃς ἂν ἐπικαλέσηται τὸ ὄνομα κυρίου || 1 Corinthians 1:2: πᾶσιν τοῖς ἐπικαλουμένοις τὸ ὄνομα τοῦ κυρίου ἡμῶν || 2 Timothy 2:22: μετὰ τῶν ἐπικαλουμένων τὸν κύριον,Acts 2:21: everyone / whoever / might-call-upon / the name / of-Lord || Romans 10:13: everyone / for / whoever / might-call-upon / the name / of-Lord || 1 Corinthians 1:2: to all / the ones-calling-upon / the name / of the Lord / of-us || 2 Timothy 2:22: with / the ones-calling-upon / the Lord,Acts 2:21: Classic NT call-on-the-name formula. || Romans 10:13: Classic NT call-on-the-name formula. || 1 Corinthians 1:2: Strong idiom-family support. || 2 Timothy 2:22: Related invocation idiom.,4,3
call-on-name-formula,"Active invocation formula, calling on the divine name.",1 Kings 18:24,1 Kings,18,24,και βοατε εν ονοματι θεων υμων και εγω επικαλεσομαι εν ονοματι κυριου του θεου μου και εσται ο θεος ος εαν επακουση εν πυρι ουτος θεος και απεκριθησαν πας ο λαος και ειπον καλον το ρημα ο ελαλησας,"And call in the name of your gods, and I will call in the name of the Lord my God, and the god who answers by fire, he is God. And all the people answered and said, Good is the word that you spoke.",call-in-name,call-on-name,5,13,Acts 2:21; Romans 10:13; 1 Corinthians 1:2; 2 Timothy 2:22,Acts 2:21: πᾶς ὃς ἂν ἐπικαλέσηται τὸ ὄνομα κυρίου || Romans 10:13: πᾶς γὰρ ὃς ἂν ἐπικαλέσηται τὸ ὄνομα κυρίου || 1 Corinthians 1:2: πᾶσιν τοῖς ἐπικαλουμένοις τὸ ὄνομα τοῦ κυρίου ἡμῶν || 2 Timothy 2:22: μετὰ τῶν ἐπικαλουμένων τὸν κύριον,Acts 2:21: everyone / whoever / might-call-upon / the name / of-Lord || Romans 10:13: everyone / for / whoever / might-call-upon / the name / of-Lord || 1 Corinthians 1:2: to all / the ones-calling-upon / the name / of the Lord / of-us || 2 Timothy 2:22: with / the ones-calling-upon / the Lord,Acts 2:21: Classic NT call-on-the-name formula. || Romans 10:13: Classic NT call-on-the-name formula. || 1 Corinthians 1:2: Strong idiom-family support. || 2 Timothy 2:22: Related invocation idiom.,4,3
call-on-name-formula,"Active invocation formula, calling on the divine name.",1 Kings 18:25,1 Kings,18,25,και ειπεν ηλιου τοις προφηταις της αισχυνης εκλεξασθε εαυτοις τον μοσχον τον ενα και ποιησατε πρωτοι οτι πολλοι υμεις και επικαλεσασθε εν ονοματι θεου υμων και πυρ μη επιθητε,"And Elijah said to the prophets of the Shame, Choose for yourselves the one calf and prepare it first, because you are many, and call in the name of your god, but put no fire.",call-in-name,call-on-name,5,13,Acts 2:21; Romans 10:13; 1 Corinthians 1:2; 2 Timothy 2:22,Acts 2:21: πᾶς ὃς ἂν ἐπικαλέσηται τὸ ὄνομα κυρίου || Romans 10:13: πᾶς γὰρ ὃς ἂν ἐπικαλέσηται τὸ ὄνομα κυρίου || 1 Corinthians 1:2: πᾶσιν τοῖς ἐπικαλουμένοις τὸ ὄνομα τοῦ κυρίου ἡμῶν || 2 Timothy 2:22: μετὰ τῶν ἐπικαλουμένων τὸν κύριον,Acts 2:21: everyone / whoever / might-call-upon / the name / of-Lord || Romans 10:13: everyone / for / whoever / might-call-upon / the name / of-Lord || 1 Corinthians 1:2: to all / the ones-calling-upon / the name / of the Lord / of-us || 2 Timothy 2:22: with / the ones-calling-upon / the Lord,Acts 2:21: Classic NT call-on-the-name formula. || Romans 10:13: Classic NT call-on-the-name formula. || 1 Corinthians 1:2: Strong idiom-family support. || 2 Timothy 2:22: Related invocation idiom.,4,3
call-on-name-formula,"Active invocation formula, calling on the divine name.",2 Chronicles 6:33,2 Chronicles,6,33,και εισακουση εκ του ουρανου εξ ετοιμου κατοικητηριου σου και ποιησεις κατα παντα οσα εαν επικαλεσηται σε ο αλλοτριος οπως γνωσιν παντες οι λαοι της γης το ονομα σου και του φοβεισθαι σε ως ο λαος σου ισραηλ και του γνωναι οτι επικεκληται το ονομα σου επι τον οικον τουτον ον ωκοδομησα,"then you shall hear from heaven, from your ready dwelling, and do according to all things whatever foreigner calls upon you for, so that all peoples of earth may know your name and fear you as your people Israel and know that your name is called upon this house which I built.",other,call-on-name,5,13,Acts 2:21; Romans 10:13; 1 Corinthians 1:2; 2 Timothy 2:22,Acts 2:21: πᾶς ὃς ἂν ἐπικαλέσηται τὸ ὄνομα κυρίου || Romans 10:13: πᾶς γὰρ ὃς ἂν ἐπικαλέσηται τὸ ὄνομα κυρίου || 1 Corinthians 1:2: πᾶσιν τοῖς ἐπικαλουμένοις τὸ ὄνομα τοῦ κυρίου ἡμῶν || 2 Timothy 2:22: μετὰ τῶν ἐπικαλουμένων τὸν κύριον,Acts 2:21: everyone / whoever / might-call-upon / the name / of-Lord || Romans 10:13: everyone / for / whoever / might-call-upon / the name / of-Lord || 1 Corinthians 1:2: to all / the ones-calling-upon / the name / of the Lord / of-us || 2 Timothy 2:22: with / the ones-calling-upon / the Lord,Acts 2:21: Classic NT call-on-the-name formula. || Romans 10:13: Classic NT call-on-the-name formula. || 1 Corinthians 1:2: Strong idiom-family support. || 2 Timothy 2:22: Related invocation idiom.,4,3
call-on-name-formula,"Active invocation formula, calling on the divine name.",2 Kings 5:11,2 Kings,5,11,και εθυμωθη ναιμαν και απηλθεν και ειπεν ιδου δη ελεγον οτι εξελευσεται προς με και στησεται και επικαλεσεται εν ονοματι θεου αυτου και επιθησει την χειρα αυτου επι τον τοπον και αποσυναξει το λεπρον,"And Naiman grew angry and went away and said, Behold, I said to myself that he would surely come out to me and stand and call on the name of his God and put his hand on the place and remove the skin-diseased part.",call-on-name,call-on-name,5,13,Acts 2:21; Romans 10:13; 1 Corinthians 1:2; 2 Timothy 2:22,Acts 2:21: πᾶς ὃς ἂν ἐπικαλέσηται τὸ ὄνομα κυρίου || Romans 10:13: πᾶς γὰρ ὃς ἂν ἐπικαλέσηται τὸ ὄνομα κυρίου || 1 Corinthians 1:2: πᾶσιν τοῖς ἐπικαλουμένοις τὸ ὄνομα τοῦ κυρίου ἡμῶν || 2 Timothy 2:22: μετὰ τῶν ἐπικαλουμένων τὸν κύριον,Acts 2:21: everyone / whoever / might-call-upon / the name / of-Lord || Romans 10:13: everyone / for / whoever / might-call-upon / the name / of-Lord || 1 Corinthians 1:2: to all / the ones-calling-upon / the name / of the Lord / of-us || 2 Timothy 2:22: with / the ones-calling-upon / the Lord,Acts 2:21: Classic NT call-on-the-name formula. || Romans 10:13: Classic NT call-on-the-name formula. || 1 Corinthians 1:2: Strong idiom-family support. || 2 Timothy 2:22: Related invocation idiom.,4,3
call-on-name-formula,"Active invocation formula, calling on the divine name.",2 Samuel 20:1,2 Samuel,20,1,και εκει επικαλουμενος υιος παρανομος και ονομα αυτω σαβεε υιος βοχορι ανηρ ο ιεμενι και εσαλπισεν εν τη κερατινη και ειπεν ουκ εστιν ημιν μερις εν δαυιδ ουδε κληρονομια ημιν εν τω υιω ιεσσαι ανηρ εις τα σκηνωματα σου ισραηλ,"And there happened to be there a lawless man, and his name was Sabee son of Bochori, a Jeminaian man. And he sounded the horn and said, We have no share in David, nor inheritance for us in the son of Iessai. Each man to your tents, O Israel.",other,call-on-name,5,13,Acts 2:21; Romans 10:13; 1 Corinthians 1:2; 2 Timothy 2:22,Acts 2:21: πᾶς ὃς ἂν ἐπικαλέσηται τὸ ὄνομα κυρίου || Romans 10:13: πᾶς γὰρ ὃς ἂν ἐπικαλέσηται τὸ ὄνομα κυρίου || 1 Corinthians 1:2: πᾶσιν τοῖς ἐπικαλουμένοις τὸ ὄνομα τοῦ κυρίου ἡμῶν || 2 Timothy 2:22: μετὰ τῶν ἐπικαλουμένων τὸν κύριον,Acts 2:21: everyone / whoever / might-call-upon / the name / of-Lord || Romans 10:13: everyone / for / whoever / might-call-upon / the name / of-Lord || 1 Corinthians 1:2: to all / the ones-calling-upon / the name / of the Lord / of-us || 2 Timothy 2:22: with / the ones-calling-upon / the Lord,Acts 2:21: Classic NT call-on-the-name formula. || Romans 10:13: Classic NT call-on-the-name formula. || 1 Corinthians 1:2: Strong idiom-family support. || 2 Timothy 2:22: Related invocation idiom.,4,3
call-on-name-formula,"Active invocation formula, calling on the divine name.",Isaiah 64:6,Isaiah,64,6,και ουκ εστιν ο επικαλουμενος το ονομα σου και ο μνησθεις αντιλαβεσθαι σου οτι απεστρεψας το προσωπον σου αφ' ημων και παρεδωκας ημας δια τας αμαρτιας ημων,"And there is no one calling on your name and remembering to take hold of you, because you turned your face from us and gave us over because of our sins.",other,call-on-name,5,13,Acts 2:21; Romans 10:13; 1 Corinthians 1:2; 2 Timothy 2:22,Acts 2:21: πᾶς ὃς ἂν ἐπικαλέσηται τὸ ὄνομα κυρίου || Romans 10:13: πᾶς γὰρ ὃς ἂν ἐπικαλέσηται τὸ ὄνομα κυρίου || 1 Corinthians 1:2: πᾶσιν τοῖς ἐπικαλουμένοις τὸ ὄνομα τοῦ κυρίου ἡμῶν || 2 Timothy 2:22: μετὰ τῶν ἐπικαλουμένων τὸν κύριον,Acts 2:21: everyone / whoever / might-call-upon / the name / of-Lord || Romans 10:13: everyone / for / whoever / might-call-upon / the name / of-Lord || 1 Corinthians 1:2: to all / the ones-calling-upon / the name / of the Lord / of-us || 2 Timothy 2:22: with / the ones-calling-upon / the Lord,Acts 2:21: Classic NT call-on-the-name formula. || Romans 10:13: Classic NT call-on-the-name formula. || 1 Corinthians 1:2: Strong idiom-family support. || 2 Timothy 2:22: Related invocation idiom.,4,3
call-on-name-formula,"Active invocation formula, calling on the divine name.",Joel 3:5,Joel,3,5,και εσται πας ος αν επικαλεσηται το ονομα κυριου σωθησεται οτι εν τω ορει σιων και εν ιερουσαλημ εσται ανασωζομενος καθοτι ειπεν κυριος και ευαγγελιζομενοι ους κυριος προσκεκληται,"And it will be that everyone who calls on name of Lord will be saved, because on mount Zion and in Jerusalem there will be survivors, as Lord said, and those bearing good news whom Lord has called.",other,call-on-name,5,13,Acts 2:21; Romans 10:13; 1 Corinthians 1:2; 2 Timothy 2:22,Acts 2:21: πᾶς ὃς ἂν ἐπικαλέσηται τὸ ὄνομα κυρίου || Romans 10:13: πᾶς γὰρ ὃς ἂν ἐπικαλέσηται τὸ ὄνομα κυρίου || 1 Corinthians 1:2: πᾶσιν τοῖς ἐπικαλουμένοις τὸ ὄνομα τοῦ κυρίου ἡμῶν || 2 Timothy 2:22: μετὰ τῶν ἐπικαλουμένων τὸν κύριον,Acts 2:21: everyone / whoever / might-call-upon / the name / of-Lord || Romans 10:13: everyone / for / whoever / might-call-upon / the name / of-Lord || 1 Corinthians 1:2: to all / the ones-calling-upon / the name / of the Lord / of-us || 2 Timothy 2:22: with / the ones-calling-upon / the Lord,Acts 2:21: Classic NT call-on-the-name formula. || Romans 10:13: Classic NT call-on-the-name formula. || 1 Corinthians 1:2: Strong idiom-family support. || 2 Timothy 2:22: Related invocation idiom.,4,3
call-on-name-formula,"Active invocation formula, calling on the divine name.",Psalms 74:2,Psalms,74,2,εξομολογησομεθα σοι ο θεος εξομολογησομεθα και επικαλεσομεθα το ονομα σου,"We will confess to you, O God, we will confess, and we will call on your name.",call-on-name,call-on-name,5,13,Acts 2:21; Romans 10:13; 1 Corinthians 1:2; 2 Timothy 2:22,Acts 2:21: πᾶς ὃς ἂν ἐπικαλέσηται τὸ ὄνομα κυρίου || Romans 10:13: πᾶς γὰρ ὃς ἂν ἐπικαλέσηται τὸ ὄνομα κυρίου || 1 Corinthians 1:2: πᾶσιν τοῖς ἐπικαλουμένοις τὸ ὄνομα τοῦ κυρίου ἡμῶν || 2 Timothy 2:22: μετὰ τῶν ἐπικαλουμένων τὸν κύριον,Acts 2:21: everyone / whoever / might-call-upon / the name / of-Lord || Romans 10:13: everyone / for / whoever / might-call-upon / the name / of-Lord || 1 Corinthians 1:2: to all / the ones-calling-upon / the name / of the Lord / of-us || 2 Timothy 2:22: with / the ones-calling-upon / the Lord,Acts 2:21: Classic NT call-on-the-name formula. || Romans 10:13: Classic NT call-on-the-name formula. || 1 Corinthians 1:2: Strong idiom-family support. || 2 Timothy 2:22: Related invocation idiom.,4,3
call-on-name-formula,"Active invocation formula, calling on the divine name.",Psalms 79:19,Psalms,79,19,και ου μη αποστωμεν απο σου ζωωσεις ημας και το ονομα σου επικαλεσομεθα,"And we will never depart from you; you will make us live, and we will call upon your name.",call-on-name,call-on-name,5,13,Acts 2:21; Romans 10:13; 1 Corinthians 1:2; 2 Timothy 2:22,Acts 2:21: πᾶς ὃς ἂν ἐπικαλέσηται τὸ ὄνομα κυρίου || Romans 10:13: πᾶς γὰρ ὃς ἂν ἐπικαλέσηται τὸ ὄνομα κυρίου || 1 Corinthians 1:2: πᾶσιν τοῖς ἐπικαλουμένοις τὸ ὄνομα τοῦ κυρίου ἡμῶν || 2 Timothy 2:22: μετὰ τῶν ἐπικαλουμένων τὸν κύριον,Acts 2:21: everyone / whoever / might-call-upon / the name / of-Lord || Romans 10:13: everyone / for / whoever / might-call-upon / the name / of-Lord || 1 Corinthians 1:2: to all / the ones-calling-upon / the name / of the Lord / of-us || 2 Timothy 2:22: with / the ones-calling-upon / the Lord,Acts 2:21: Classic NT call-on-the-name formula. || Romans 10:13: Classic NT call-on-the-name formula. || 1 Corinthians 1:2: Strong idiom-family support. || 2 Timothy 2:22: Related invocation idiom.,4,3
call-on-name-formula,"Active invocation formula, calling on the divine name.",Psalms 98:6,Psalms,98,6,μωυσης και ααρων εν τοις ιερευσιν αυτου και σαμουηλ εν τοις επικαλουμενοις το ονομα αυτου επεκαλουντο τον κυριον και αυτος επηκουσεν αυτων,"Moses and Aaron among his priests and Samuel among those calling on his name; they called on Lord, and he heard them.",other,call-on-name,5,13,Acts 2:21; Romans 10:13; 1 Corinthians 1:2; 2 Timothy 2:22,Acts 2:21: πᾶς ὃς ἂν ἐπικαλέσηται τὸ ὄνομα κυρίου || Romans 10:13: πᾶς γὰρ ὃς ἂν ἐπικαλέσηται τὸ ὄνομα κυρίου || 1 Corinthians 1:2: πᾶσιν τοῖς ἐπικαλουμένοις τὸ ὄνομα τοῦ κυρίου ἡμῶν || 2 Timothy 2:22: μετὰ τῶν ἐπικαλουμένων τὸν κύριον,Acts 2:21: everyone / whoever / might-call-upon / the name / of-Lord || Romans 10:13: everyone / for / whoever / might-call-upon / the name / of-Lord || 1 Corinthians 1:2: to all / the ones-calling-upon / the name / of the Lord / of-us || 2 Timothy 2:22: with / the ones-calling-upon / the Lord,Acts 2:21: Classic NT call-on-the-name formula. || Romans 10:13: Classic NT call-on-the-name formula. || 1 Corinthians 1:2: Strong idiom-family support. || 2 Timothy 2:22: Related invocation idiom.,4,3
call-on-name-formula,"Active invocation formula, calling on the divine name.",Psalms 115:4,Psalms,115,4,ποτηριον σωτηριου λημψομαι και το ονομα κυριου επικαλεσομαι,"Cup of salvation I will take, and name of Lord I will call upon.",call-on-name,call-on-name,5,13,Acts 2:21; Romans 10:13; 1 Corinthians 1:2; 2 Timothy 2:22,Acts 2:21: πᾶς ὃς ἂν ἐπικαλέσηται τὸ ὄνομα κυρίου || Romans 10:13: πᾶς γὰρ ὃς ἂν ἐπικαλέσηται τὸ ὄνομα κυρίου || 1 Corinthians 1:2: πᾶσιν τοῖς ἐπικαλουμένοις τὸ ὄνομα τοῦ κυρίου ἡμῶν || 2 Timothy 2:22: μετὰ τῶν ἐπικαλουμένων τὸν κύριον,Acts 2:21: everyone / whoever / might-call-upon / the name / of-Lord || Romans 10:13: everyone / for / whoever / might-call-upon / the name / of-Lord || 1 Corinthians 1:2: to all / the ones-calling-upon / the name / of the Lord / of-us || 2 Timothy 2:22: with / the ones-calling-upon / the Lord,Acts 2:21: Classic NT call-on-the-name formula. || Romans 10:13: Classic NT call-on-the-name formula. || 1 Corinthians 1:2: Strong idiom-family support. || 2 Timothy 2:22: Related invocation idiom.,4,3
call-on-name-formula,"Active invocation formula, calling on the divine name.",Zechariah 13:9,Zechariah,13,9,και διαξω το τριτον δια πυρος και πυρωσω αυτους ως πυρουται το αργυριον και δοκιμω αυτους ως δοκιμαζεται το χρυσιον αυτος επικαλεσεται το ονομα μου καγω επακουσομαι αυτω και ερω λαος μου ουτος εστιν και αυτος ερει κυριος ο θεος μου,"And I will bring third through fire and refine them as silver is refined and test them as gold is tested. He will call on my name, and I will hear him, and I will say, This is my people, and he will say, Lord is my God.",call-on-name,call-on-name,5,13,Acts 2:21; Romans 10:13; 1 Corinthians 1:2; 2 Timothy 2:22,Acts 2:21: πᾶς ὃς ἂν ἐπικαλέσηται τὸ ὄνομα κυρίου || Romans 10:13: πᾶς γὰρ ὃς ἂν ἐπικαλέσηται τὸ ὄνομα κυρίου || 1 Corinthians 1:2: πᾶσιν τοῖς ἐπικαλουμένοις τὸ ὄνομα τοῦ κυρίου ἡμῶν || 2 Timothy 2:22: μετὰ τῶν ἐπικαλουμένων τὸν κύριον,Acts 2:21: everyone / whoever / might-call-upon / the name / of-Lord || Romans 10:13: everyone / for / whoever / might-call-upon / the name / of-Lord || 1 Corinthians 1:2: to all / the ones-calling-upon / the name / of the Lord / of-us || 2 Timothy 2:22: with / the ones-calling-upon / the Lord,Acts 2:21: Classic NT call-on-the-name formula. || Romans 10:13: Classic NT call-on-the-name formula. || 1 Corinthians 1:2: Strong idiom-family support. || 2 Timothy 2:22: Related invocation idiom.,4,3
name-there-formula,Name formula with location marker such as 'to have his name called there'.,2 Chronicles 6:20,2 Chronicles,6,20,του ειναι οφθαλμους σου ανεωγμενους επι τον οικον τουτον ημερας και νυκτος εις τον τοπον τουτον ον ειπας επικληθηναι το ονομα σου εκει του ακουσαι της προσευχης ης ο παις σου προσευχεται εις τον τοπον τουτον,"that your eyes may be open upon this house day and night, upon this place where you said your name would be called there, to hear prayer which your servant prays toward this place.",called-there,called-there,14,16,Acts 15:17; James 2:7; Romans 2:17,Acts 15:17: ἐφ' οὓς ἐπικέκληται τὸ ὄνομά μου ἐπ' αὐτούς || James 2:7: τὸ καλὸν ὄνομα τὸ ἐπικληθὲν ἐφ' ὑμᾶς || Romans 2:17: Ἰουδαῖος ἐπονομάζῃ,Acts 15:17: upon whom / has-been-called / name / of-me / upon / them || James 2:7: the good name / having-been-called / upon / you || Romans 2:17: Jew / you-are-called,Acts 15:17: Name-called-upon idiom applied to people in a covenantal setting. || James 2:7: Close name-called-upon formula. || Romans 2:17: Same verb family but not the full cultic formula.,3,3
name-there-formula,Name formula with location marker such as 'to have his name called there'.,2 Chronicles 12:13,2 Chronicles,12,13,και κατισχυσεν ροβοαμ εν ιερουσαλημ και εβασιλευσεν και τεσσαρακοντα και ενος ετων ροβοαμ εν τω βασιλευσαι αυτον και επτακαιδεκα ετη εβασιλευσεν εν ιερουσαλημ εν τη πολει η εξελεξατο κυριος επονομασαι το ονομα αυτου εκει εκ πασων φυλων υιων ισραηλ και ονομα της μητρος αυτου νοομμα η αμμανιτις,"And Roboam was strengthened in Ierousalem and reigned. Roboam was forty-one years old when he reigned, and he reigned seventeen years in Ierousalem, in city which Lord chose to name his name there from all tribes of sons of Israel, and name of his mother was Noomma the Ammonite.",name-there,called-there,14,16,Acts 15:17; James 2:7; Romans 2:17,Acts 15:17: ἐφ' οὓς ἐπικέκληται τὸ ὄνομά μου ἐπ' αὐτούς || James 2:7: τὸ καλὸν ὄνομα τὸ ἐπικληθὲν ἐφ' ὑμᾶς || Romans 2:17: Ἰουδαῖος ἐπονομάζῃ,Acts 15:17: upon whom / has-been-called / name / of-me / upon / them || James 2:7: the good name / having-been-called / upon / you || Romans 2:17: Jew / you-are-called,Acts 15:17: Name-called-upon idiom applied to people in a covenantal setting. || James 2:7: Close name-called-upon formula. || Romans 2:17: Same verb family but not the full cultic formula.,3,3
name-there-formula,Name formula with location marker such as 'to have his name called there'.,Deuteronomy 12:5,Deuteronomy,12,5,αλλ' η εις τον τοπον ον αν εκλεξηται κυριος ο θεος υμων εν μια των φυλων υμων επονομασαι το ονομα αυτου εκει επικληθηναι και εκζητησετε και εισελευσεσθε εκει,"But only to the place that the Lord your God chooses in one of your tribes, to have his name called there, you shall seek, and you shall go in there.",called-there,called-there,14,16,Acts 15:17; James 2:7; Romans 2:17,Acts 15:17: ἐφ' οὓς ἐπικέκληται τὸ ὄνομά μου ἐπ' αὐτούς || James 2:7: τὸ καλὸν ὄνομα τὸ ἐπικληθὲν ἐφ' ὑμᾶς || Romans 2:17: Ἰουδαῖος ἐπονομάζῃ,Acts 15:17: upon whom / has-been-called / name / of-me / upon / them || James 2:7: the good name / having-been-called / upon / you || Romans 2:17: Jew / you-are-called,Acts 15:17: Name-called-upon idiom applied to people in a covenantal setting. || James 2:7: Close name-called-upon formula. || Romans 2:17: Same verb family but not the full cultic formula.,3,3
name-there-formula,Name formula with location marker such as 'to have his name called there'.,Deuteronomy 12:11,Deuteronomy,12,11,και εσται ο τοπος ον αν εκλεξηται κυριος ο θεος υμων επικληθηναι το ονομα αυτου εκει εκει οισετε παντα οσα εγω εντελλομαι υμιν σημερον τα ολοκαυτωματα υμων και τα θυσιασματα υμων και τα επιδεκατα υμων και τας απαρχας των χειρων υμων και τα δοματα υμων και παν εκλεκτον των δωρων υμων οσα εαν ευξησθε τω θεω υμων,"And it shall be, the place that the Lord your God chooses for his name to be called there, there you shall bring everything that I command you today, your whole burnt offerings and your sacrifices and your tithes and the firstfruits of your hands and every choice gift that you vow to your God.",called-there,called-there,14,16,Acts 15:17; James 2:7; Romans 2:17,Acts 15:17: ἐφ' οὓς ἐπικέκληται τὸ ὄνομά μου ἐπ' αὐτούς || James 2:7: τὸ καλὸν ὄνομα τὸ ἐπικληθὲν ἐφ' ὑμᾶς || Romans 2:17: Ἰουδαῖος ἐπονομάζῃ,Acts 15:17: upon whom / has-been-called / name / of-me / upon / them || James 2:7: the good name / having-been-called / upon / you || Romans 2:17: Jew / you-are-called,Acts 15:17: Name-called-upon idiom applied to people in a covenantal setting. || James 2:7: Close name-called-upon formula. || Romans 2:17: Same verb family but not the full cultic formula.,3,3
name-there-formula,Name formula with location marker such as 'to have his name called there'.,Deuteronomy 12:21,Deuteronomy,12,21,εαν δε μακροτερον απεχη σου ο τοπος ον αν εκλεξηται κυριος ο θεος σου επικληθηναι το ονομα αυτου εκει και θυσεις απο των βοων σου και απο των προβατων σου ων αν δω ο θεος σοι ον τροπον ενετειλαμην σοι και φαγη εν ταις πολεσιν σου κατα την επιθυμιαν της ψυχης σου,"And if the place that the Lord your God chooses for his name to be called there is farther from you, then you shall slaughter from your cattle and from your sheep that God gave you, in the way I commanded you, and you shall eat in your cities according to the desire of your soul.",called-there,called-there,14,16,Acts 15:17; James 2:7; Romans 2:17,Acts 15:17: ἐφ' οὓς ἐπικέκληται τὸ ὄνομά μου ἐπ' αὐτούς || James 2:7: τὸ καλὸν ὄνομα τὸ ἐπικληθὲν ἐφ' ὑμᾶς || Romans 2:17: Ἰουδαῖος ἐπονομάζῃ,Acts 15:17: upon whom / has-been-called / name / of-me / upon / them || James 2:7: the good name / having-been-called / upon / you || Romans 2:17: Jew / you-are-called,Acts 15:17: Name-called-upon idiom applied to people in a covenantal setting. || James 2:7: Close name-called-upon formula. || Romans 2:17: Same verb family but not the full cultic formula.,3,3
name-there-formula,Name formula with location marker such as 'to have his name called there'.,Deuteronomy 12:26,Deuteronomy,12,26,πλην τα αγια σου εαν γενηται σοι και τας ευχας σου λαβων ηξεις εις τον τοπον ον αν εκλεξηται κυριος ο θεος σου επικληθηναι το ονομα αυτου εκει,"Except your holy things that you may have, and your vows, taking them you shall come to the place that the Lord your God chooses for his name to be called there.",called-there,called-there,14,16,Acts 15:17; James 2:7; Romans 2:17,Acts 15:17: ἐφ' οὓς ἐπικέκληται τὸ ὄνομά μου ἐπ' αὐτούς || James 2:7: τὸ καλὸν ὄνομα τὸ ἐπικληθὲν ἐφ' ὑμᾶς || Romans 2:17: Ἰουδαῖος ἐπονομάζῃ,Acts 15:17: upon whom / has-been-called / name / of-me / upon / them || James 2:7: the good name / having-been-called / upon / you || Romans 2:17: Jew / you-are-called,Acts 15:17: Name-called-upon idiom applied to people in a covenantal setting. || James 2:7: Close name-called-upon formula. || Romans 2:17: Same verb family but not the full cultic formula.,3,3
name-there-formula,Name formula with location marker such as 'to have his name called there'.,Deuteronomy 14:23,Deuteronomy,14,23,και φαγη αυτο εναντι κυριου του θεου σου εν τω τοπω ω αν εκλεξηται κυριος ο θεος σου επικληθηναι το ονομα αυτου εκει οισετε τα επιδεκατα του σιτου σου και του οινου σου και του ελαιου σου τα πρωτοτοκα των βοων σου και των προβατων σου ινα μαθης φοβεισθαι κυριον τον θεον σου πασας τας ημερας,"And you shall eat it before the Lord your God in the place where the Lord your God chooses for his name to be called there. You shall bring the tithes of your grain and your wine and your oil and the firstborn of your cattle and your sheep, so that you may learn to fear the Lord your God all the days.",called-there,called-there,14,16,Acts 15:17; James 2:7; Romans 2:17,Acts 15:17: ἐφ' οὓς ἐπικέκληται τὸ ὄνομά μου ἐπ' αὐτούς || James 2:7: τὸ καλὸν ὄνομα τὸ ἐπικληθὲν ἐφ' ὑμᾶς || Romans 2:17: Ἰουδαῖος ἐπονομάζῃ,Acts 15:17: upon whom / has-been-called / name / of-me / upon / them || James 2:7: the good name / having-been-called / upon / you || Romans 2:17: Jew / you-are-called,Acts 15:17: Name-called-upon idiom applied to people in a covenantal setting. || James 2:7: Close name-called-upon formula. || Romans 2:17: Same verb family but not the full cultic formula.,3,3
name-there-formula,Name formula with location marker such as 'to have his name called there'.,Deuteronomy 14:24,Deuteronomy,14,24,εαν δε μακραν γενηται απο σου η οδος και μη δυνη αναφερειν αυτα οτι μακραν απο σου ο τοπος ον αν εκλεξηται κυριος ο θεος σου επικληθηναι το ονομα αυτου εκει οτι ευλογησει σε κυριος ο θεος σου,"And if the road is too long for you and you are not able to carry them, because the place that the Lord your God chooses for his name to be called there is far from you, because the Lord your God will bless you,",called-there,called-there,14,16,Acts 15:17; James 2:7; Romans 2:17,Acts 15:17: ἐφ' οὓς ἐπικέκληται τὸ ὄνομά μου ἐπ' αὐτούς || James 2:7: τὸ καλὸν ὄνομα τὸ ἐπικληθὲν ἐφ' ὑμᾶς || Romans 2:17: Ἰουδαῖος ἐπονομάζῃ,Acts 15:17: upon whom / has-been-called / name / of-me / upon / them || James 2:7: the good name / having-been-called / upon / you || Romans 2:17: Jew / you-are-called,Acts 15:17: Name-called-upon idiom applied to people in a covenantal setting. || James 2:7: Close name-called-upon formula. || Romans 2:17: Same verb family but not the full cultic formula.,3,3
name-there-formula,Name formula with location marker such as 'to have his name called there'.,Deuteronomy 16:2,Deuteronomy,16,2,και θυσεις το πασχα κυριω τω θεω σου προβατα και βοας εν τω τοπω ω εαν εκλεξηται κυριος ο θεος σου αυτον επικληθηναι το ονομα αυτου εκει,"And you shall sacrifice the Passover to the Lord your God, sheep and cattle, in the place that the Lord your God chooses for his name to be called there.",called-there,called-there,14,16,Acts 15:17; James 2:7; Romans 2:17,Acts 15:17: ἐφ' οὓς ἐπικέκληται τὸ ὄνομά μου ἐπ' αὐτούς || James 2:7: τὸ καλὸν ὄνομα τὸ ἐπικληθὲν ἐφ' ὑμᾶς || Romans 2:17: Ἰουδαῖος ἐπονομάζῃ,Acts 15:17: upon whom / has-been-called / name / of-me / upon / them || James 2:7: the good name / having-been-called / upon / you || Romans 2:17: Jew / you-are-called,Acts 15:17: Name-called-upon idiom applied to people in a covenantal setting. || James 2:7: Close name-called-upon formula. || Romans 2:17: Same verb family but not the full cultic formula.,3,3
name-there-formula,Name formula with location marker such as 'to have his name called there'.,Deuteronomy 16:6,Deuteronomy,16,6,αλλ' η εις τον τοπον ον εαν εκλεξηται κυριος ο θεος σου επικληθηναι το ονομα αυτου εκει θυσεις το πασχα εσπερας προς δυσμας ηλιου εν τω καιρω ω εξηλθες εξ αιγυπτου,"but only at the place that the Lord your God chooses for his name to be called there, there you shall sacrifice the Passover in the evening, at the setting of the sun, at the time when you came out from Egypt.",called-there,called-there,14,16,Acts 15:17; James 2:7; Romans 2:17,Acts 15:17: ἐφ' οὓς ἐπικέκληται τὸ ὄνομά μου ἐπ' αὐτούς || James 2:7: τὸ καλὸν ὄνομα τὸ ἐπικληθὲν ἐφ' ὑμᾶς || Romans 2:17: Ἰουδαῖος ἐπονομάζῃ,Acts 15:17: upon whom / has-been-called / name / of-me / upon / them || James 2:7: the good name / having-been-called / upon / you || Romans 2:17: Jew / you-are-called,Acts 15:17: Name-called-upon idiom applied to people in a covenantal setting. || James 2:7: Close name-called-upon formula. || Romans 2:17: Same verb family but not the full cultic formula.,3,3
name-there-formula,Name formula with location marker such as 'to have his name called there'.,Deuteronomy 16:11,Deuteronomy,16,11,και ευφρανθηση εναντιον κυριου του θεου σου συ και ο υιος σου και η θυγατηρ σου ο παις σου και η παιδισκη σου και ο λευιτης ο εν ταις πολεσιν σου και ο προσηλυτος και ο ορφανος και η χηρα η εν υμιν εν τω τοπω ω εαν εκλεξηται κυριος ο θεος σου επικληθηναι το ονομα αυτου εκει,"And you shall rejoice before the Lord your God, you and your son and your daughter, your male servant and your female servant, and the Levite in your cities and the proselyte and the orphan and the widow among you, in the place that the Lord your God chooses for his name to be called there.",called-there,called-there,14,16,Acts 15:17; James 2:7; Romans 2:17,Acts 15:17: ἐφ' οὓς ἐπικέκληται τὸ ὄνομά μου ἐπ' αὐτούς || James 2:7: τὸ καλὸν ὄνομα τὸ ἐπικληθὲν ἐφ' ὑμᾶς || Romans 2:17: Ἰουδαῖος ἐπονομάζῃ,Acts 15:17: upon whom / has-been-called / name / of-me / upon / them || James 2:7: the good name / having-been-called / upon / you || Romans 2:17: Jew / you-are-called,Acts 15:17: Name-called-upon idiom applied to people in a covenantal setting. || James 2:7: Close name-called-upon formula. || Romans 2:17: Same verb family but not the full cultic formula.,3,3
name-there-formula,Name formula with location marker such as 'to have his name called there'.,Deuteronomy 17:8,Deuteronomy,17,8,εαν δε αδυνατηση απο σου ρημα εν κρισει ανα μεσον αιμα αιματος και ανα μεσον κρισις κρισεως και ανα μεσον αφη αφης και ανα μεσον αντιλογια αντιλογιας ρηματα κρισεως εν ταις πολεσιν υμων και αναστας αναβηση εις τον τοπον ον αν εκλεξηται κυριος ο θεος σου επικληθηναι το ονομα αυτου εκει,"And if a matter in judgment is too hard for you, between blood and blood, and between judgment and judgment, and between wound and wound, words of judgment in your cities, then, rising, you shall go up to the place that the Lord your God chooses for his name to be called there.",called-there,called-there,14,16,Acts 15:17; James 2:7; Romans 2:17,Acts 15:17: ἐφ' οὓς ἐπικέκληται τὸ ὄνομά μου ἐπ' αὐτούς || James 2:7: τὸ καλὸν ὄνομα τὸ ἐπικληθὲν ἐφ' ὑμᾶς || Romans 2:17: Ἰουδαῖος ἐπονομάζῃ,Acts 15:17: upon whom / has-been-called / name / of-me / upon / them || James 2:7: the good name / having-been-called / upon / you || Romans 2:17: Jew / you-are-called,Acts 15:17: Name-called-upon idiom applied to people in a covenantal setting. || James 2:7: Close name-called-upon formula. || Romans 2:17: Same verb family but not the full cultic formula.,3,3
name-there-formula,Name formula with location marker such as 'to have his name called there'.,Deuteronomy 17:10,Deuteronomy,17,10,και ποιησεις κατα το πραγμα ο εαν αναγγειλωσιν σοι εκ του τοπου ου αν εκλεξηται κυριος ο θεος σου επικληθηναι το ονομα αυτου εκει και φυλαξη σφοδρα ποιησαι κατα παντα οσα εαν νομοθετηθη σοι,"And you shall act according to the matter that they report to you from the place that the Lord your God chooses for his name to be called there, and you shall keep very carefully to do according to everything that may be legislated to you.",called-there,called-there,14,16,Acts 15:17; James 2:7; Romans 2:17,Acts 15:17: ἐφ' οὓς ἐπικέκληται τὸ ὄνομά μου ἐπ' αὐτούς || James 2:7: τὸ καλὸν ὄνομα τὸ ἐπικληθὲν ἐφ' ὑμᾶς || Romans 2:17: Ἰουδαῖος ἐπονομάζῃ,Acts 15:17: upon whom / has-been-called / name / of-me / upon / them || James 2:7: the good name / having-been-called / upon / you || Romans 2:17: Jew / you-are-called,Acts 15:17: Name-called-upon idiom applied to people in a covenantal setting. || James 2:7: Close name-called-upon formula. || Romans 2:17: Same verb family but not the full cultic formula.,3,3
name-there-formula,Name formula with location marker such as 'to have his name called there'.,Deuteronomy 26:2,Deuteronomy,26,2,και λημψη απο της απαρχης των καρπων της γης σου ης κυριος ο θεος σου διδωσιν σοι και εμβαλεις εις καρταλλον και πορευση εις τον τοπον ον αν εκλεξηται κυριος ο θεος σου επικληθηναι το ονομα αυτου εκει,then you shall take from the firstfruits of the fruits of your land that the Lord your God gives you and put them into a basket and go to the place that the Lord your God chooses for his name to be called there.,called-there,called-there,14,16,Acts 15:17; James 2:7; Romans 2:17,Acts 15:17: ἐφ' οὓς ἐπικέκληται τὸ ὄνομά μου ἐπ' αὐτούς || James 2:7: τὸ καλὸν ὄνομα τὸ ἐπικληθὲν ἐφ' ὑμᾶς || Romans 2:17: Ἰουδαῖος ἐπονομάζῃ,Acts 15:17: upon whom / has-been-called / name / of-me / upon / them || James 2:7: the good name / having-been-called / upon / you || Romans 2:17: Jew / you-are-called,Acts 15:17: Name-called-upon idiom applied to people in a covenantal setting. || James 2:7: Close name-called-upon formula. || Romans 2:17: Same verb family but not the full cultic formula.,3,3
name-there-formula,Name formula with location marker such as 'to have his name called there'.,Exodus 20:24,Exodus,20,24,θυσιαστηριον εκ γης ποιησετε μοι και θυσετε επ' αυτου τα ολοκαυτωματα και τα σωτηρια υμων τα προβατα και τους μοσχους υμων εν παντι τοπω ου εαν επονομασω το ονομα μου εκει και ηξω προς σε και ευλογησω σε,"""You shall make me an altar of earth, and upon it you shall sacrifice your whole burnt offerings and your offerings of salvation, your sheep and your calves. In every place where I cause my name to be called, I will come to you and bless you.""",called-there,called-there,14,16,Acts 15:17; James 2:7; Romans 2:17,Acts 15:17: ἐφ' οὓς ἐπικέκληται τὸ ὄνομά μου ἐπ' αὐτούς || James 2:7: τὸ καλὸν ὄνομα τὸ ἐπικληθὲν ἐφ' ὑμᾶς || Romans 2:17: Ἰουδαῖος ἐπονομάζῃ,Acts 15:17: upon whom / has-been-called / name / of-me / upon / them || James 2:7: the good name / having-been-called / upon / you || Romans 2:17: Jew / you-are-called,Acts 15:17: Name-called-upon idiom applied to people in a covenantal setting. || James 2:7: Close name-called-upon formula. || Romans 2:17: Same verb family but not the full cultic formula.,3,3
name-there-formula,Name formula with location marker such as 'to have his name called there'.,Jeremiah 7:11,Jeremiah,7,11,μη σπηλαιον ληστων ο οικος μου ου επικεκληται το ονομα μου επ' αυτω εκει ενωπιον υμων και εγω ιδου εωρακα λεγει κυριος,"has my house over which my name has been called become den of robbers there before you? And I, behold, have seen, says Lord.",other,called-there,14,16,Acts 15:17; James 2:7; Romans 2:17,Acts 15:17: ἐφ' οὓς ἐπικέκληται τὸ ὄνομά μου ἐπ' αὐτούς || James 2:7: τὸ καλὸν ὄνομα τὸ ἐπικληθὲν ἐφ' ὑμᾶς || Romans 2:17: Ἰουδαῖος ἐπονομάζῃ,Acts 15:17: upon whom / has-been-called / name / of-me / upon / them || James 2:7: the good name / having-been-called / upon / you || Romans 2:17: Jew / you-are-called,Acts 15:17: Name-called-upon idiom applied to people in a covenantal setting. || James 2:7: Close name-called-upon formula. || Romans 2:17: Same verb family but not the full cultic formula.,3,3
name-upon-formula,Name formula with 'upon' language for house/people/object.,1 Chronicles 28:3,1 Chronicles,28,3,και ο θεος ειπεν ουκ οικοδομησεις εμοι οικον του επονομασαι το ονομα μου επ' αυτω οτι ανθρωπος πολεμιστης ει συ και αιματα εξεχεας,"But God said, You shall not build me a house to have my name called upon it, because you are man of war and have poured out blood.",called-upon,called-upon,4,9,Acts 15:17; James 2:7,Acts 15:17: ἐφ' οὓς ἐπικέκληται τὸ ὄνομά μου ἐπ' αὐτούς || James 2:7: τὸ καλὸν ὄνομα τὸ ἐπικληθὲν ἐφ' ὑμᾶς,Acts 15:17: upon whom / has-been-called / name / of-me / upon / them || James 2:7: the good name / having-been-called / upon / you,Acts 15:17: Directly relevant to name-upon language. || James 2:7: Directly relevant to name-upon language.,2,3
name-upon-formula,Name formula with 'upon' language for house/people/object.,2 Chronicles 7:14,2 Chronicles,7,14,και εαν εντραπη ο λαος μου εφ' ους το ονομα μου επικεκληται επ' αυτους και προσευξωνται και ζητησωσιν το προσωπον μου και αποστρεψωσιν απο των οδων αυτων των πονηρων και εγω εισακουσομαι εκ του ουρανου και ιλεως εσομαι ταις αμαρτιαις αυτων και ιασομαι την γην αυτων,"and my people upon whom my name has been called are put to shame, and they pray and seek my face and turn from their evil ways, then I will hear from heaven and be merciful to their sins and heal their land.",other,called-upon,4,9,Acts 15:17; James 2:7,Acts 15:17: ἐφ' οὓς ἐπικέκληται τὸ ὄνομά μου ἐπ' αὐτούς || James 2:7: τὸ καλὸν ὄνομα τὸ ἐπικληθὲν ἐφ' ὑμᾶς,Acts 15:17: upon whom / has-been-called / name / of-me / upon / them || James 2:7: the good name / having-been-called / upon / you,Acts 15:17: Directly relevant to name-upon language. || James 2:7: Directly relevant to name-upon language.,2,3
name-upon-formula,Name formula with 'upon' language for house/people/object.,Amos 9:12,Amos,9,12,οπως εκζητησωσιν οι καταλοιποι των ανθρωπων και παντα τα εθνη εφ' ους επικεκληται το ονομα μου επ' αυτους λεγει κυριος ο θεος ο ποιων ταυτα,"so that remnant of men and all nations upon whom my name was called upon them may seek, says Lord God who does these things.",called-upon,called-upon,4,9,Acts 15:17; James 2:7,Acts 15:17: ἐφ' οὓς ἐπικέκληται τὸ ὄνομά μου ἐπ' αὐτούς || James 2:7: τὸ καλὸν ὄνομα τὸ ἐπικληθὲν ἐφ' ὑμᾶς,Acts 15:17: upon whom / has-been-called / name / of-me / upon / them || James 2:7: the good name / having-been-called / upon / you,Acts 15:17: Directly relevant to name-upon language. || James 2:7: Directly relevant to name-upon language.,2,3
name-upon-formula,Name formula with 'upon' language for house/people/object.,Jeremiah 7:10,Jeremiah,7,10,και ηλθετε και εστητε ενωπιον εμου εν τω οικω ου επικεκληται το ονομα μου επ' αυτω και ειπατε απεσχημεθα του μη ποιειν παντα τα βδελυγματα ταυτα,"and you came and stood before me in house over which my name has been called and said, We have held back from doing all these abominations—",other,called-upon,4,9,Acts 15:17; James 2:7,Acts 15:17: ἐφ' οὓς ἐπικέκληται τὸ ὄνομά μου ἐπ' αὐτούς || James 2:7: τὸ καλὸν ὄνομα τὸ ἐπικληθὲν ἐφ' ὑμᾶς,Acts 15:17: upon whom / has-been-called / name / of-me / upon / them || James 2:7: the good name / having-been-called / upon / you,Acts 15:17: Directly relevant to name-upon language. || James 2:7: Directly relevant to name-upon language.,2,3
name-upon-formula,Name formula with 'upon' language for house/people/object.,Jeremiah 7:11,Jeremiah,7,11,μη σπηλαιον ληστων ο οικος μου ου επικεκληται το ονομα μου επ' αυτω εκει ενωπιον υμων και εγω ιδου εωρακα λεγει κυριος,"has my house over which my name has been called become den of robbers there before you? And I, behold, have seen, says Lord.",other,called-upon,4,9,Acts 15:17; James 2:7,Acts 15:17: ἐφ' οὓς ἐπικέκληται τὸ ὄνομά μου ἐπ' αὐτούς || James 2:7: τὸ καλὸν ὄνομα τὸ ἐπικληθὲν ἐφ' ὑμᾶς,Acts 15:17: upon whom / has-been-called / name / of-me / upon / them || James 2:7: the good name / having-been-called / upon / you,Acts 15:17: Directly relevant to name-upon language. || James 2:7: Directly relevant to name-upon language.,2,3
name-upon-formula,Name formula with 'upon' language for house/people/object.,Jeremiah 7:14,Jeremiah,7,14,και ποιησω τω οικω τουτω ω επικεκληται το ονομα μου επ' αυτω εφ' ω υμεις πεποιθατε επ' αυτω και τω τοπω ω εδωκα υμιν και τοις πατρασιν υμων καθως εποιησα τη σηλωμ,"I will do to this house over which my name has been called, on which you trust, and to place I gave to you and to your fathers, just as I did to Shiloh.",other,called-upon,4,9,Acts 15:17; James 2:7,Acts 15:17: ἐφ' οὓς ἐπικέκληται τὸ ὄνομά μου ἐπ' αὐτούς || James 2:7: τὸ καλὸν ὄνομα τὸ ἐπικληθὲν ἐφ' ὑμᾶς,Acts 15:17: upon whom / has-been-called / name / of-me / upon / them || James 2:7: the good name / having-been-called / upon / you,Acts 15:17: Directly relevant to name-upon language. || James 2:7: Directly relevant to name-upon language.,2,3
name-upon-formula,Name formula with 'upon' language for house/people/object.,Jeremiah 7:30,Jeremiah,7,30,οτι εποιησαν οι υιοι ιουδα το πονηρον εναντιον εμου λεγει κυριος εταξαν τα βδελυγματα αυτων εν τω οικω ου επικεκληται το ονομα μου επ' αυτον του μιαναι αυτον,"Because sons of Judah did evil before me, says Lord. They set their abominations in house over which my name has been called, to defile it.",other,called-upon,4,9,Acts 15:17; James 2:7,Acts 15:17: ἐφ' οὓς ἐπικέκληται τὸ ὄνομά μου ἐπ' αὐτούς || James 2:7: τὸ καλὸν ὄνομα τὸ ἐπικληθὲν ἐφ' ὑμᾶς,Acts 15:17: upon whom / has-been-called / name / of-me / upon / them || James 2:7: the good name / having-been-called / upon / you,Acts 15:17: Directly relevant to name-upon language. || James 2:7: Directly relevant to name-upon language.,2,3
name-upon-formula,Name formula with 'upon' language for house/people/object.,Jeremiah 14:9,Jeremiah,14,9,μη εση ωσπερ ανθρωπος υπνων η ως ανηρ ου δυναμενος σωζειν και συ εν ημιν ει κυριε και το ονομα σου επικεκληται εφ' ημας μη επιλαθη ημων,"Do not be like sleeping man or like man unable to save. And you are in us, Lord, and your name is called upon us; do not forget us.",called-upon,called-upon,4,9,Acts 15:17; James 2:7,Acts 15:17: ἐφ' οὓς ἐπικέκληται τὸ ὄνομά μου ἐπ' αὐτούς || James 2:7: τὸ καλὸν ὄνομα τὸ ἐπικληθὲν ἐφ' ὑμᾶς,Acts 15:17: upon whom / has-been-called / name / of-me / upon / them || James 2:7: the good name / having-been-called / upon / you,Acts 15:17: Directly relevant to name-upon language. || James 2:7: Directly relevant to name-upon language.,2,3
name-upon-formula,Name formula with 'upon' language for house/people/object.,Jeremiah 15:16,Jeremiah,15,16,υπο των αθετουντων τους λογους σου συντελεσον αυτους και εσται ο λογος σου εμοι εις ευφροσυνην και χαραν καρδιας μου οτι επικεκληται το ονομα σου επ' εμοι κυριε παντοκρατωρ,"By those rejecting your words, consume them. And your word will be to me joy and gladness of my heart, because your name is called upon me, Lord Almighty.",called-upon,called-upon,4,9,Acts 15:17; James 2:7,Acts 15:17: ἐφ' οὓς ἐπικέκληται τὸ ὄνομά μου ἐπ' αὐτούς || James 2:7: τὸ καλὸν ὄνομα τὸ ἐπικληθὲν ἐφ' ὑμᾶς,Acts 15:17: upon whom / has-been-called / name / of-me / upon / them || James 2:7: the good name / having-been-called / upon / you,Acts 15:17: Directly relevant to name-upon language. || James 2:7: Directly relevant to name-upon language.,2,3
