ref,book_name,chapter,verse,importance,priority_score,decision_count,footnote_count,nt_parallel_count,nt_parallel_weight,nt_parallel_refs,crossref_top_vote,crossref_nt_count,crossref_shared_family_hits,english_witness_checked,english_witness_fresh_support,english_witness_brenton_support,english_witness_mt_support,english_witness_differs_all,english_witness_split_or_mixed,english_witness_signals,english_witness_recommendation,nt_english_checked,nt_english_support_family,nt_english_softens_family,nt_english_mixed,nt_english_signals,nt_english_recommendation,logos_local_checked,logos_local_scopes,logos_local_source_tools,logos_local_signals,logos_local_supports,logos_local_confidence,logos_local_recommendation,consensus_recommendation,keyword_hits,reasons,fresh_translation,brenton_translation,gate_reason
Exodus 20:24,Exodus,20,24,high,35,2,2,3,3,"Acts 15:17, James 2:7, Romans 2:17",43,0,4,2,1,0,0,0,1,unclear,,9,3,3,3,"literal_support, smoothing, translation_tradition",keep,1,soteria-sacrifice-formula,AutoComplete.db WordSense; Bible Word Study; Factbook; recent history,lexical_support,salvation-shaped rendering,high,keep,keep,"altar, name, peace, sacrifice, salvation","decisions=2; footnotes=2; reviewed_decisions=2; importance=high; keywords=altar, name, peace, sacrifice, salvation; nt=Acts 15:17, James 2:7, Romans 2:17; crossref_top_vote=43; crossref_shared_family=4; eng=fresh:1/brenton:0/mt:0; eng_flags=unclear; nt_eng=support:3/soften:3/mixed:3; nt_eng_reco=keep; nt_eng_flags=literal_support, smoothing, translation_tradition; logos=1; logos_reco=keep; logos_flags=lexical_support; logos_support=salvation-shaped rendering; reco=keep","""You shall make me an altar of earth, and upon it you shall sacrifice your whole burnt offerings and your offerings of salvation, your sheep and your calves. In every place where I cause my name to be called, I will come to you and bless you.""","Ye shall make to me an altar of earth; and upon it ye shall sacrifice your whole burnt-offerings, and your peace-offerings, and your sheep and your calves in every place, where I shall record my name; and I will come to thee and bless thee.",score>=16; high+tracked; nt+score>=14
Genesis 2:7,Genesis,2,7,high,28,3,2,1,3,1 Corinthians 15:45,41,3,0,2,1,0,0,0,1,unclear,,3,2,0,1,"literal_support, smoothing",keep,1,into-living-soul-formula,AutoComplete.db WordSense; milestones/headwords; local index inspection,lexical_support,living soul rendering,medium,keep,keep,"god, soul","decisions=3; footnotes=2; reviewed_decisions=3; importance=high; keywords=god, soul; nt=1 Corinthians 15:45; crossref_top_vote=41; eng=fresh:1/brenton:0/mt:0; eng_flags=unclear; nt_eng=support:2/soften:0/mixed:1; nt_eng_reco=keep; nt_eng_flags=literal_support, smoothing; logos=1; logos_reco=keep; logos_flags=lexical_support; logos_support=living soul rendering; reco=keep","And God formed the human from dust of the earth and breathed into his face the breath of life, and the human became a living soul.","And God formed the man of dust of the earth, and breathed upon his face the breath of life, and the man became a living soul.",score>=16; high+tracked; nt+score>=14
1 Kings 2:35,1 Kings,2,35,high,27,1,1,0,0,,5,1,0,2,2,0,0,0,0,,keep,0,0,0,0,,,0,,,,,,,keep,"altar, being, hades, king, lord, peace, priest, seed","decisions=1; footnotes=1; reviewed_decisions=1; importance=high; keywords=altar, being, hades, king, lord, peace; crossref_top_vote=5; eng=fresh:2/brenton:0/mt:0; eng_reco=keep; reco=keep","And the king gave Banaiou son of Iodae in his place over the generalship, and the kingdom was being set right in Ierousalem, and the king gave Sadok the priest as first priest instead of Abiathar. And the Lord gave understanding to Solomon and very much wisdom and breadth of heart like the sand that is beside the sea. And the understanding of Solomon was multiplied greatly beyond the understanding of all the ancients and beyond all the wise of Egypt. And he took the daughter of Pharao and brought her into the City of David until he finished his own house and the house of the Lord first and the wall of Ierousalem all around. In seven years he made it and finished it. And Solomon had seventy thousand carrying burdens and eighty thousand stonecutters in the mountain. And Solomon made the Sea and the bases and the great basins and the pillars and the fountain of the court and the bronze sea. And he built the citadel and its battlements and cut through the City of David. Thus the daughter of Pharao was going up from the City of David into her house that he built for her. Then he built the citadel. And Solomon offered up three times in the year whole burnt offerings and peace offerings on the altar that he built to the Lord and was burning incense before the Lord and finished the house. And these were the rulers set over the works of Solomon, three thousand six hundred overseers of the people doing the works. And he built Assour and Magdo and Gazer and upper Baithoron and Baalath. But after he built the house of the Lord and the wall of Ierousalem all around, after these things he built these cities. And while David was still living he commanded Solomon, saying, Behold, with you is Semei son of Gera, son of the seed of the Jeminaian from Chebron. He cursed me with a grievous curse on the day when I was going to the Camps, and he came down to meet me at the Jordan, and I swore to him by the Lord, saying, He shall not be put to death by the sword. And now do not hold him guiltless, because you are a prudent man and you will know what you will do to him, and you will bring his gray hair down in blood to Hades.","And the king appointed Banæas son of Jodae in his place over the host; and the kingdom was established in Jerusalem; and as for Sadoc the priest, the king appointed him to be high priest in the room of Abiathar. And Solomon son of David reigned over Israel and Juda in Jerusalem:",score>=16; high+tracked
2 Chronicles 12:13,2 Chronicles,12,13,high,23,1,0,3,3,"Acts 15:17, James 2:7, Romans 2:17",5,0,3,2,1,0,0,1,0,unclear,,9,3,3,3,"literal_support, smoothing, translation_tradition",keep,0,,,,,,,keep,"king, lord, name","decisions=1; reviewed_decisions=1; importance=high; keywords=king, lord, name; nt=Acts 15:17, James 2:7, Romans 2:17; crossref_top_vote=5; crossref_shared_family=3; eng=fresh:1/brenton:0/mt:0; eng_flags=unclear; nt_eng=support:3/soften:3/mixed:3; nt_eng_reco=keep; nt_eng_flags=literal_support, smoothing, translation_tradition; reco=keep","And Rehoboam was strengthened in Jerusalem and reigned. Rehoboam was forty-one years old when he began to reign, and he reigned seventeen years in Jerusalem, in the city which the Lord chose from all the tribes of the sons of Israel to have his name called there, and his mother's name was Naamah the Ammonite.","So king Roboam strengthened himself in Jerusalem, and reigned: and Roboam was forty and one years old when he began to reign, and he reigned seventeen years in Jerusalem, in the city which the Lord chose out of all the tribes of the children of Israel to call his name there: and his mother's name was Noomma the Ammanitess.",score>=16; high+tracked; nt+score>=14
Leviticus 3:1,Leviticus,3,1,high,23,1,1,0,0,,4,4,3,2,1,0,0,0,1,unclear,,0,0,0,0,,,1,soteria-sacrifice-formula,AutoComplete.db WordSense; Bible Word Study; Factbook; recent history,lexical_support,salvation-shaped rendering,high,keep,keep,"lord, peace, sacrifice, salvation","decisions=1; footnotes=1; reviewed_decisions=1; importance=high; keywords=lord, peace, sacrifice, salvation; crossref_top_vote=4; crossref_shared_family=3; eng=fresh:1/brenton:0/mt:0; eng_flags=unclear; logos=1; logos_reco=keep; logos_flags=lexical_support; logos_support=salvation-shaped rendering; reco=keep","And if his gift to the Lord is a sacrifice of salvation, if he brings it from the cattle, whether male or female, he shall bring it without blemish before the Lord.","And if his gift to the Lord be a peace-offering, if he should bring it of the oxen, whether it be male or whether it be female, he shall bring it unblemished before the Lord.",score>=16; high+tracked
1 Kings 12:24,1 Kings,12,24,high,22,1,1,0,0,,4,0,0,2,2,0,0,0,0,,keep,0,0,0,0,,,0,,,,,,,keep,"being, god, king, lord, name, servant","decisions=1; footnotes=1; reviewed_decisions=1; importance=high; keywords=being, god, king, lord, name, servant; crossref_top_vote=4; eng=fresh:2/brenton:0/mt:0; eng_reco=keep; reco=keep","Thus says the Lord: You shall not go up nor fight with your brothers, sons of Israel. Let each return to his own house, because this word has happened from me. And they heard the word of the Lord and stopped from going according to the word of the Lord. And King Solomon sleeps with his fathers and is buried with his fathers in the City of David, and Roboam his son reigned in place of him in Ierousalem, being sixteen years old when he began to reign, and he reigned twelve years in Ierousalem, and the name of his mother was Naanan daughter of Anan son of Naas king of the sons of Ammon, and he did evil before the Lord and did not walk in the way of David his father. And there was a man from the hill country of Ephraim, servant to Solomon, and his name was Ieroboam, and his mother's name was Sarira, a prostitute woman, and Solomon gave him as chief officer of the staff over the burdens of the house of Ioseph, and he built for Solomon Sarira in the hill country of Ephraim, and he had three hundred chariots of horses. This one built the citadel among the burdens of the house of Ephraim. This one closed up the City of David and was being lifted up against the kingdom. And Solomon sought to put him to death, and he feared and fled to Sousakim king of Egypt and was with him until Solomon died. And Ieroboam heard in Egypt that Solomon died, and he spoke into the ears of Sousakim king of Egypt, saying, Send me away, and I will depart to my land. And Sousakim said to him, Ask what request and I will give it to you. And Sousakim gave to Ieroboam the elder sister of Thekemina, his own wife, for a wife. She was great among the daughters of the king and bore to Ieroboam Abia his son. And Ieroboam said to Sousakim, Truly send me away, and I will depart. And Ieroboam went out from Egypt and came to the land of Sarira in the hill country of Ephraim and gathered there all the scepter of Ephraim and built a fort there. And his young child became very sick with a very severe sickness, and Ieroboam went to inquire concerning the child, and he said to Ano his wife, Rise and go inquire of God concerning the child, whether he will live from his sickness. And there was a man in Selom, and his name was Achias, and he was sixty years old, and the word of the Lord was with him. And Ieroboam said to his wife, Rise and take in your hand to the man of God loaves and cakes for his children and grapes and a jar of honey. And the woman rose and took in her hand loaves and two cakes and grapes and a jar of honey for Achias, and the man was old and his eyes were dim from seeing. And she rose from Sarira and went. And it came to be when she entered the city to Achias the Selonite, Achias said to his young servant, Go out now to meet Ano wife of Ieroboam and say to her, Come in and do not stand still, because thus says the Lord: Hard things I am sending upon you. And Ano entered to the man of God, and Achias said to her, Why have you brought me loaves and grapes and cakes and a jar of honey? Thus says the Lord: Behold, you will depart from me, and it will be when you enter the gate into Sarira and your maidens come out to meet you and say to you, The child has died, because thus says the Lord: Behold, I will destroy from Ieroboam one urinating against a wall, and those dying of Ieroboam in the city dogs will devour, and the one dying in the field the birds of heaven will devour, and for the child they will mourn. Alas, Lord, because a good word concerning the Lord was found in him. And the woman departed when she heard, and it came to be when she entered into Sarira, the child died and the cry went out to meet her. And Ieroboam went to Sikima in the hill country of Ephraim and gathered there the tribes of Israel, and Roboam son of Solomon went up there. And the word of the Lord came to Samaias the Elamite, saying, Take for yourself a new garment not yet entered into water and tear it into twelve pieces, and give them to Ieroboam and say to him, Thus says the Lord: Take for yourself ten pieces to put on, and Ieroboam took them, and Samaias said, Thus says the Lord concerning the ten tribes of Israel. And the people said to Roboam son of Solomon, Your father made his yoke heavy upon us and made the foods of his table heavy. And now, if you lighten things upon us, we will serve you. And Roboam said to the people, In three days I will answer you a word. And he said, Bring in to me the elders and I will take counsel with them what word I should answer the people on the third day. And Roboam spoke into their ears, just as the people sent to him, and the elders said, Thus the people spoke to you. And Roboam scattered their counsel, and it was not pleasing before him, and he sent and brought in his companions and spoke these same things to them: Thus the people sent to me. And his companions said, Thus you will speak to the people, saying, My littleness is thicker than my father's loin. My father whipped you with whips, but I will rule you with scorpions. And the word was pleasing before Roboam, and he answered the people just as his companions, the young men, counseled him. And all the people cried out as one man, each to his neighbor, and they all cried aloud, saying, There is no share for us in David and no inheritance in the son of Iessai. To your tents, Israel, because this man is not for ruler nor for leader. And all the people were scattered from Sikim and each went to his tent, and Roboam prevailed and went and mounted his chariot and entered into Ierousalem, and all the scepter of Iouda and all the scepter of Benjamin went after him. And it came to be at the turn of the year, and Roboam gathered all the men of Iouda and Benjamin and went up to war against Ieroboam at Sikima. And the word of the Lord came to Samaias the man of God, saying, Speak to Roboam king of Iouda and to all the house of Iouda and Benjamin and to the remnant of the people, saying, Thus says the Lord: You shall not go up nor fight against your brothers the sons of Israel. Return each to his house, because this word has happened from me. And they heard the word of the Lord and held back from going according to the word of the Lord.","Thus saith the Lord, Ye shall not go up, neither shall ye fight with your brethren the sons of Israel: return each man to his own home; for this thing is from me; and they hearkened to the word of the Lord, and they ceased from going up, according to the word of the Lord.",score>=16; high+tracked
2 Samuel 14:17,2 Samuel,14,17,high,21,1,1,0,0,,5,2,0,2,1,0,0,0,1,unclear,keep,0,0,0,0,,,0,,,,,,,keep,"angel, god, king, lord","decisions=1; footnotes=1; reviewed_decisions=1; importance=high; keywords=angel, god, king, lord; crossref_top_vote=5; eng=fresh:1/brenton:0/mt:0; eng_reco=keep; eng_flags=unclear; reco=keep","And the woman said, Let the word of my lord the king now be as an offering, because as an angel of God so is my lord the king, to hear the good and the evil, and the Lord your God will be with you.","And the woman said, If now the word of my lord the king be gracious,—well: for as an angel of God, so is my lord the king, to hear good and evil: and the Lord thy God shall be with thee.",score>=16; high+tracked
Exodus 28:30,Exodus,28,30,high,21,1,1,0,0,,9,1,0,2,1,0,0,1,0,unclear,,0,0,0,0,,,1,Exodus 28:30,Bible Word Study; linked commentary snippets,lexical_support,Disclosure and Truth rendering,high,keep,keep,"holy, judgment, lord, truth","decisions=1; footnotes=1; reviewed_decisions=1; importance=high; keywords=holy, judgment, lord, truth; crossref_top_vote=9; eng=fresh:1/brenton:0/mt:0; eng_flags=unclear; logos=1; logos_reco=keep; logos_flags=lexical_support; logos_support=Disclosure and Truth rendering; reco=keep","And you shall put on the breastpiece of judgments the Disclosure and the Truth, and it shall be on Aaron's chest when he goes into the holy place before the Lord. And Aaron shall bear the judgments of the sons of Israel upon his chest before the Lord continually.","and thou shalt put the two circlets on both the shoulders of the ephod in front. And thou shalt put the Manifestation and the Truth on the oracle of judgment; and it shall be on the breast of Aaron, when he goes into the holy place before the Lord; and Aaron shall bear the judgments of the children of Israel on his breast before the Lord continually.",score>=16; high+tracked
Genesis 1:2,Genesis,1,2,high,21,4,1,0,0,,97,0,0,0,0,0,0,0,0,,,0,0,0,0,,,1,Genesis 1:2,AutoComplete.db WordSense; recent history; local index inspection,lexical_support,Spirit of God rendering,medium,keep,keep,"abyss, god, spirit","decisions=4; footnotes=1; reviewed_decisions=1; importance=high; keywords=abyss, god, spirit; crossref_top_vote=97; logos=1; logos_reco=keep; logos_flags=lexical_support; logos_support=Spirit of God rendering; reco=keep","Now the earth was unseen and unformed, darkness was over the abyss, and the Spirit of God moved over the water.","But the earth was unsightly and unfurnished, and darkness was over the deep, and the Spirit of God moved over the water.",score>=16; high+tracked
Leviticus 4:31,Leviticus,4,31,low,21,0,0,0,0,,6,2,2,2,1,0,0,1,0,unclear,,0,0,0,0,,,1,soteria-sacrifice-formula,AutoComplete.db WordSense; Bible Word Study; Factbook; recent history,lexical_support,salvation-shaped rendering,high,keep,keep,"altar, lord, peace, priest, sacrifice, salvation, sin","importance=low; keywords=altar, lord, peace, priest, sacrifice, salvation; crossref_top_vote=6; crossref_shared_family=2; eng=fresh:1/brenton:0/mt:0; eng_flags=unclear; logos=1; logos_reco=keep; logos_flags=lexical_support; logos_support=salvation-shaped rendering; reco=keep","And he shall remove all the fat, just as the fat is removed from the sacrifice of salvation, and the priest shall offer it on the altar as an aroma of sweet fragrance to the Lord. And the priest shall make atonement for him, and it shall be forgiven him.","And he shall take away all the fat, as the fat is taken away from the sacrifice of peace-offering, and the priest shall offer it on the altar for a smell of sweet savour to the Lord; and the priest shall make atonement for him, and his sin shall be forgiven him.",score>=16
Leviticus 7:32,Leviticus,7,32,high,21,1,1,0,0,,5,1,2,2,0,0,0,0,2,unclear,keep,0,0,0,0,,,1,soteria-sacrifice-formula,AutoComplete.db WordSense; Bible Word Study; Factbook; recent history,lexical_support,salvation-shaped rendering,high,keep,keep,"peace, priest, salvation","decisions=1; footnotes=1; reviewed_decisions=1; importance=high; keywords=peace, priest, salvation; crossref_top_vote=5; crossref_shared_family=2; eng=fresh:0/brenton:0/mt:0; eng_reco=keep; eng_flags=unclear; logos=1; logos_reco=keep; logos_flags=lexical_support; logos_support=salvation-shaped rendering; reco=keep",And you shall give the right arm as a contribution to the priest from your sacrifices of salvation.,and ye shall give the right shoulder for a choice piece to the priest of your sacrifices of peace-offering.,score>=16; high+tracked
Exodus 6:3,Exodus,6,3,high,20,1,1,0,0,,14,0,0,2,1,0,0,0,1,unclear,keep,0,0,0,0,,,0,,,,,,,keep,"being, god, lord, name","decisions=1; footnotes=1; reviewed_decisions=1; importance=high; keywords=being, god, lord, name; crossref_top_vote=14; eng=fresh:1/brenton:0/mt:0; eng_reco=keep; eng_flags=unclear; reco=keep","And I appeared to Abraham and Isaac and Jacob as their God, but my name, Lord, I did not make known to them.","And I appeared to Abraam and Isaac and Jacob, being their God, but I did not manifest to them my name Lord.",score>=16; high+tracked
Genesis 1:26,Genesis,1,26,high,20,2,1,0,0,,82,3,0,2,2,0,0,0,0,,keep,0,0,0,0,,,0,,,,,,,keep,"god, image","decisions=2; footnotes=1; reviewed_decisions=2; importance=high; keywords=god, image; crossref_top_vote=82; eng=fresh:2/brenton:0/mt:0; eng_reco=keep; reco=keep","And God said, 'Let us make humankind according to our image and according to likeness, and let them rule the fish of the sea and the birds of Heaven and the livestock and all the earth and every creeping thing that creeps on the earth.'","And God said, Let us make man according to our image and likeness, and let them have dominion over the fish of the sea, and over the flying creatures of heaven, and over the cattle and all the earth, and over all the reptiles that creep on the earth.",score>=16; high+tracked
1 Samuel 20:42,1 Samuel,20,42,high,19,1,1,0,0,,5,2,0,0,0,0,0,0,0,,keep,0,0,0,0,,,0,,,,,,,keep,"lord, name, peace, seed","decisions=1; footnotes=1; reviewed_decisions=1; importance=high; keywords=lord, name, peace, seed; crossref_top_vote=5; eng_reco=keep; reco=keep","And Iōnathan said, Go in peace, and as we two swore in the name of the Lord, saying, The Lord will be witness between me and you and between my seed and between your seed forever.","And Jonathan said to David, Go in peace, and as we have both sworn in the name of the Lord, saying, The Lord shall be witness between me and thee, and between my seed and thy seed for ever—even so let it be.",score>=16; high+tracked
Deuteronomy 2:30,Deuteronomy,2,30,high,19,1,1,0,0,,8,1,0,0,0,0,0,0,0,,keep,0,0,0,0,,,0,,,,,,,keep,"god, king, lord, spirit","decisions=1; footnotes=1; reviewed_decisions=1; importance=high; keywords=god, king, lord, spirit; crossref_top_vote=8; eng_reco=keep; reco=keep","And Sihon king of Heshbon was not willing to let us pass through him, because the Lord our God hardened his spirit and strengthened his heart, so that he might be handed into your hands, as at this day.","And Seon king of Esebon would not that we should pass by him, because the Lord our God hardened his spirit, and made his heart stubborn, that he might be delivered into thy hands, as on this day.",score>=16; high+tracked
Exodus 24:5,Exodus,24,5,high,19,1,1,0,0,,3,0,2,2,1,1,0,0,0,smoothing_issue,,0,0,0,0,,,1,soteria-sacrifice-formula,AutoComplete.db WordSense; Bible Word Study; Factbook; recent history,lexical_support,salvation-shaped rendering,high,keep,keep,"god, peace, salvation","decisions=1; footnotes=1; reviewed_decisions=1; importance=high; keywords=god, peace, salvation; crossref_top_vote=3; crossref_shared_family=2; eng=fresh:1/brenton:1/mt:0; eng_flags=smoothing_issue; logos=1; logos_reco=keep; logos_flags=lexical_support; logos_support=salvation-shaped rendering; reco=keep","And he sent the young men of the sons of Israel, and they offered whole burnt offerings and sacrificed calves as offerings of salvation to God.","And he sent forth the young men of the children of Israel, and they offered whole burnt-offerings, and they sacrificed young calves as a peace-offering to God.",score>=16; high+tracked
Exodus 3:2,Exodus,3,2,high,19,1,1,0,0,,17,3,0,2,1,0,0,0,1,unclear,keep,0,0,0,0,,,0,,,,,,,keep,"angel, being, lord","decisions=1; footnotes=1; reviewed_decisions=1; importance=high; keywords=angel, being, lord; crossref_top_vote=17; eng=fresh:1/brenton:0/mt:0; eng_reco=keep; eng_flags=unclear; reco=keep","Then an angel of the Lord appeared to him in a flame of fire out of the bush. And he saw that the bush burned with fire, but the bush was not being consumed.","And an angel of the Lord appeared to him in flaming fire out of the bush, and he sees that the bush burns with fire,—but the bush was not consumed.",score>=16; high+tracked
Genesis 18:19,Genesis,18,19,high,19,1,1,0,0,,18,3,0,2,2,0,0,0,0,,keep,0,0,0,0,,,0,,,,,,,keep,"judgment, justice, lord, righteousness","decisions=1; footnotes=1; reviewed_decisions=1; importance=high; keywords=judgment, justice, lord, righteousness; crossref_top_vote=18; eng=fresh:2/brenton:0/mt:0; eng_reco=keep; reco=keep","For I know that he will direct his sons and his household after him, and they will keep the ways of the Lord, to do righteousness and judgment, so that the Lord may bring upon Abraham all that he spoke to him.","For I know that he will order his sons, and his house after him, and they will keep the ways of the Lord, to do justice and judgment, that the Lord may bring upon Abraam all things whatsoever he has spoken to him.",score>=16; high+tracked
Genesis 1:1,Genesis,1,1,high,19,3,1,0,0,,361,5,0,0,0,0,0,0,0,,keep,0,0,0,0,,,0,,,,,,,keep,god,decisions=3; footnotes=1; reviewed_decisions=3; importance=high; keywords=god; crossref_top_vote=361; eng_reco=keep; reco=keep,"At the beginning, God made heaven and earth.",In the beginning God made the heaven and the earth.,score>=16; high+tracked
Genesis 1:5,Genesis,1,5,high,19,2,1,0,0,,26,1,0,0,0,0,0,0,0,,keep,0,0,0,0,,,0,,,,,,,keep,"day one, god","decisions=2; footnotes=1; reviewed_decisions=2; importance=high; keywords=day one, god; crossref_top_vote=26; eng_reco=keep; reco=keep","And God called the light Day, and the darkness he called Night. And evening came, and morning came: day one.","And God called the light Day, and the darkness he called Night, and there was evening and there was morning, the first day.",score>=16; high+tracked
Leviticus 18:21,Leviticus,18,21,high,19,1,1,0,0,,10,1,0,0,0,0,0,0,0,,keep,0,0,0,0,,,0,,,,,,,keep,"holy, lord, name, seed","decisions=1; footnotes=1; reviewed_decisions=1; importance=high; keywords=holy, lord, name, seed; crossref_top_vote=10; eng_reco=keep; reco=keep","And from your seed you shall not give to serve a ruler, and you shall not profane my holy name. I am the Lord.",And thou shalt not give of thy seed to serve a ruler; and thou shalt not profane my holy name; I am the Lord.,score>=16; high+tracked
Leviticus 2:13,Leviticus,2,13,high,19,1,1,0,0,,18,3,0,0,0,0,0,0,0,,keep,0,0,0,0,,,0,,,,,,,keep,"covenant, god, lord, sacrifice","decisions=1; footnotes=1; reviewed_decisions=1; importance=high; keywords=covenant, god, lord, sacrifice; crossref_top_vote=18; eng_reco=keep; reco=keep",And every gift of your sacrifice shall be salted with salt. You shall not let the salt of the covenant of the Lord cease from your sacrifices. On every gift of yours you shall bring salt to the Lord your God.,And every gift of your sacrifice shall be seasoned with salt; omit not the salt of the covenant of the Lord from your sacrifices: on every gift of yours ye shall offer salt to the Lord your God.,score>=16; high+tracked
Leviticus 4:3,Leviticus,4,3,high,19,1,1,0,0,,5,3,0,0,0,0,0,0,0,,keep,0,0,0,0,,,0,,,,,,,keep,"anointed, lord, priest, sin","decisions=1; footnotes=1; reviewed_decisions=1; importance=high; keywords=anointed, lord, priest, sin; crossref_top_vote=5; eng_reco=keep; reco=keep","if the anointed high priest sins so as to make the people sin, then he shall bring for his sin that he sinned a calf from the cattle, without blemish, to the Lord for his sin.","if the anointed priest sin so as to cause the people to sin, then shall he bring for his sin, which he has sinned, an unblemished calf of the herd to the Lord for his sin.",score>=16; high+tracked
1 Samuel 15:22,1 Samuel,15,22,high,18,1,1,0,0,,418,2,0,0,0,0,0,0,0,,keep,0,0,0,0,,,0,,,,,,,keep,"lord, sacrifice","decisions=1; footnotes=1; reviewed_decisions=1; importance=high; keywords=lord, sacrifice; crossref_top_vote=418; eng_reco=keep; reco=keep","And Samouēl said, Is it acceptable to the Lord, whole burnt offerings and sacrifices, as hearing the voice of the Lord? Behold, hearing is better than sacrifice, and listening than the fat of rams.","And Samuel said, Does the Lord take pleasure in whole-burnt-offerings and sacrifices, as in hearing the words of the Lord? behold, obedience is better than a good sacrifice, and hearkening than the fat of rams.",score>=16; high+tracked
1 Samuel 16:7,1 Samuel,16,7,high,18,1,1,0,0,,146,3,0,0,0,0,0,0,0,,keep,0,0,0,0,,,0,,,,,,,keep,"god, lord","decisions=1; footnotes=1; reviewed_decisions=1; importance=high; keywords=god, lord; crossref_top_vote=146; eng_reco=keep; reco=keep","And the Lord said to Samouēl, Do not look on his appearance, nor on the condition of his stature, because I have counted him as nothing. For God will not see as a human sees, because a human sees into the face, but God sees into the heart.","But the Lord said to Samuel, Look not on his appearance, nor on his stature, for I have rejected him; for God sees not as a man looks; for man looks at the outward appearance, but God looks at the heart.",score>=16; high+tracked
1 Samuel 30:6,1 Samuel,30,6,high,18,1,1,0,0,,33,1,0,0,0,0,0,0,0,,keep,0,0,0,0,,,0,,,,,,,keep,"god, lord, soul","decisions=1; footnotes=1; reviewed_decisions=1; importance=high; keywords=god, lord, soul; crossref_top_vote=33; eng_reco=keep; reco=keep","And David was greatly distressed, because the people spoke of stoning him, because the soul of all the people was bitter, each for his sons and for his daughters. And David strengthened himself in the Lord his God.","And David was greatly distressed, because the people spoke of stoning him, because the soul of all the people was grieved, each for his sons and his daughters: but David strengthened himself in the Lord his God.",score>=16; high+tracked
2 Chronicles 33:16,2 Chronicles,33,16,low,18,0,0,0,0,,2,0,2,2,1,0,0,0,1,unclear,,0,0,0,0,,,1,soteria-sacrifice-formula,AutoComplete.db WordSense; Bible Word Study; Factbook; recent history,lexical_support,salvation-shaped rendering,high,keep,keep,"altar, god, lord, peace, sacrifice, salvation","importance=low; keywords=altar, god, lord, peace, sacrifice, salvation; crossref_top_vote=2; crossref_shared_family=2; eng=fresh:1/brenton:0/mt:0; eng_flags=unclear; logos=1; logos_reco=keep; logos_flags=lexical_support; logos_support=salvation-shaped rendering; reco=keep","And he restored the altar of the Lord and sacrificed upon it a sacrifice of salvation and of praise, and told Iouda to serve the Lord God of Israel.","And he repaired the altar of the Lord, and offered upon it a sacrifice of peace-offering and thank-offering, and he told Juda to serve the Lord God of Israel.",score>=16
Deuteronomy 12:21,Deuteronomy,12,21,medium,18,0,0,3,3,"Acts 15:17, James 2:7, Romans 2:17",3,0,6,2,2,0,0,0,0,,keep,9,3,3,3,"literal_support, smoothing, translation_tradition",keep,0,,,,,,,keep,"god, lord, name, soul","importance=medium; keywords=god, lord, name, soul; nt=Acts 15:17, James 2:7, Romans 2:17; crossref_top_vote=3; crossref_shared_family=6; eng=fresh:2/brenton:0/mt:0; eng_reco=keep; nt_eng=support:3/soften:3/mixed:3; nt_eng_reco=keep; nt_eng_flags=literal_support, smoothing, translation_tradition; reco=keep","And if the place that the Lord your God chooses for his name to be called there is farther from you, then you shall slaughter from your cattle and from your sheep that God gave you, in the way I commanded you, and you shall eat in your cities according to the desire of your soul.","And if the place be far from thee, which the Lord thy God shall choose for himself, that his name be called upon it, then thou shalt kill of thy herd and of thy flock which God shall have given thee, even as I commanded thee, and thou shalt eat in thy cities according to the desire of thy soul.",score>=16; nt+score>=14
Deuteronomy 16:2,Deuteronomy,16,2,low,18,0,0,3,3,"Acts 15:17, James 2:7, Romans 2:17",5,5,2,2,2,0,0,0,0,,keep,9,3,3,3,"literal_support, smoothing, translation_tradition",keep,0,,,,,,,keep,"god, lord, name, sacrifice","importance=low; keywords=god, lord, name, sacrifice; nt=Acts 15:17, James 2:7, Romans 2:17; crossref_top_vote=5; crossref_shared_family=2; eng=fresh:2/brenton:0/mt:0; eng_reco=keep; nt_eng=support:3/soften:3/mixed:3; nt_eng_reco=keep; nt_eng_flags=literal_support, smoothing, translation_tradition; reco=keep","And you shall sacrifice the Passover to the Lord your God, sheep and cattle, in the place that the Lord your God chooses for his name to be called there.","And thou shalt sacrifice the passover to the Lord thy God, sheep and oxen in the place which the Lord thy God shall choose to have his name called upon it.",score>=16; nt+score>=14
Deuteronomy 5:11,Deuteronomy,5,11,high,18,1,1,0,0,,38,2,0,3,3,0,0,0,0,,keep,0,0,0,0,,,0,,,,,,,keep,"god, lord, name","decisions=1; footnotes=1; reviewed_decisions=1; importance=high; keywords=god, lord, name; crossref_top_vote=38; eng=fresh:3/brenton:0/mt:0; eng_reco=keep; reco=keep","You shall not take the name of the Lord your God in vain, because the Lord shall certainly not clear the one taking his name in vain.","Thou shalt not take the name of the Lord thy God in vain, for the Lord thy God will certainly not acquit him that takes his name in vain.",score>=16; high+tracked
Exodus 20:7,Exodus,20,7,high,18,1,1,0,0,,39,3,0,3,3,0,0,0,0,,keep,0,0,0,0,,,0,,,,,,,keep,"god, lord, name","decisions=1; footnotes=1; reviewed_decisions=1; importance=high; keywords=god, lord, name; crossref_top_vote=39; eng=fresh:3/brenton:0/mt:0; eng_reco=keep; reco=keep","""You shall not take the name of the Lord your God in vain, for the Lord will certainly not clear the one who takes his name in vain.""",Thou shalt not take the name of the Lord thy God in vain; for the Lord thy God will not acquit him that takes his name in vain.,score>=16; high+tracked
Nehemiah 10:34,Nehemiah,10,34,medium,18,0,0,0,0,,6,1,0,0,0,0,0,0,0,,,0,0,0,0,,,0,,,,,,,,"altar, god, holy, law, lord, sacrifice, sin","importance=medium; keywords=altar, god, holy, law, lord, sacrifice; crossref_top_vote=6","for bread of the presence and sacrifice of the continual offering and for continual whole burnt offering of the Sabbaths, of the new moons, for the feasts and for the holy things and for the sin offerings to make atonement concerning Israel, and for works of house of our God.","And we cast lots for the office of wood-bearing, we the priests, and the Levites, and the people, to bring wood into the house of our God, according to the house of our families, at certain set times, year by year, to burn on the altar of the Lord our God, as it is written in the law:",score>=16
Numbers 18:19,Numbers,18,19,high,18,1,1,0,0,,6,0,0,3,3,0,0,0,0,,keep,0,0,0,0,,,0,,,,,,,keep,"covenant, holy, lord, seed","decisions=1; footnotes=1; reviewed_decisions=1; importance=high; keywords=covenant, holy, lord, seed; crossref_top_vote=6; eng=fresh:3/brenton:0/mt:0; eng_reco=keep; reco=keep","All the contributions of the holy things, whatever the sons of Israel remove for the Lord, I have given to you and to your sons and your daughters with you, an everlasting statute. It is a covenant of everlasting salt before the Lord for you and for your seed after you.","Every special offering of the holy things, whatsoever the children of Israel shall specially offer to the Lord, I have given to thee and to thy sons and to thy daughters with thee, a perpetual ordinance: it is a covenant of salt for ever before the Lord, for thee and thy seed after thee.",score>=16; high+tracked
1 Chronicles 22:19,1 Chronicles,22,19,medium,17,0,0,0,0,,12,0,0,2,1,0,0,0,1,unclear,,0,0,0,0,,,0,,,,,,,,"being, covenant, god, holy, lord, name","importance=medium; keywords=being, covenant, god, holy, lord, name; crossref_top_vote=12; eng=fresh:1/brenton:0/mt:0; eng_flags=unclear","Now set your hearts and your souls to seek the Lord your God, and rise and build a sanctuary to the Lord your God, to bring the ark of the covenant of the Lord and the holy vessels of God into the house being built for the name of the Lord.","Now set your hearts and souls to seek after the Lord your God: and rise, and build a sanctuary to your God to carry in the ark of the covenant of the Lord, and the holy vessels of God, into the house that is to be built to the name of the Lord.",score>=16
1 Kings 8:53,1 Kings,8,53,high,17,1,1,0,0,,5,2,0,3,3,0,0,0,0,,keep,0,0,0,0,,,0,,,,,,,keep,"god, lord, servant","decisions=1; footnotes=1; reviewed_decisions=1; importance=high; keywords=god, lord, servant; crossref_top_vote=5; eng=fresh:3/brenton:0/mt:0; eng_reco=keep; reco=keep","because you set them apart to yourself for an inheritance from all the peoples of the earth, just as you spoke by the hand of your servant Moyses, when you brought out our fathers from the land of Egypt, O Lord, Lord. Then Solomon spoke concerning the house, as he finished building it: The sun the Lord made known in heaven. He said he would dwell in gloom. Build my house, a splendid house for yourself, for dwelling in newness. Behold, is not this written in the Book of the Song?","Because thou hast set them apart for an inheritance to thyself out of all the nations of the earth, as thou spokest by the hand of thy servant Moses, when thou broughtest our fathers out of the land of Egypt, O Lord God.—",score>=16; high+tracked
2 Samuel 23:1,2 Samuel,23,1,high,17,1,1,0,0,,7,2,0,2,2,0,0,0,0,,keep,0,0,0,0,,,0,,,,,,,keep,"anointed, god, lord","decisions=1; footnotes=1; reviewed_decisions=1; importance=high; keywords=anointed, god, lord; crossref_top_vote=7; eng=fresh:2/brenton:0/mt:0; eng_reco=keep; reco=keep","And these are the last words of David: Faithful is David son of Iessai, and faithful the man whom the Lord raised up to be the anointed of the God of Iakob, and beautiful are the psalms of Israel.",And these are the last words of David.,score>=16; high+tracked
2 Samuel 24:25,2 Samuel,24,25,high,17,1,1,0,0,,5,0,0,2,1,1,0,0,0,smoothing_issue,,0,0,0,0,,,0,,,,,,,,"altar, lord, peace","decisions=1; footnotes=1; importance=high; keywords=altar, lord, peace; crossref_top_vote=5; eng=fresh:1/brenton:1/mt:0; eng_flags=smoothing_issue","And David built there an altar to the Lord and offered whole burnt offerings and peace offerings, and afterward Solomon added to the altar, because it had been small at first. And the Lord listened to the land, and the plague was restrained from over Israel.","And David built there an altar to the Lord, and offered up whole-burnt-offerings and peace-offerings: and Solomon made an addition to the altar afterwards, for it was little at first. And the Lord hearkened to the land, and the plague was stayed from Israel.",score>=16; high+tracked
2 Samuel 7:19,2 Samuel,7,19,high,17,1,1,0,0,,5,2,0,0,0,0,0,0,0,,,0,0,0,0,,,0,,,,,,,,"law, lord, servant","decisions=1; footnotes=1; importance=high; keywords=law, lord, servant; crossref_top_vote=5","And this was made a very small thing before you, my Lord, O Lord, and you spoke concerning the house of your servant for a long time to come. And this is the law of the human, my Lord, O Lord.","Whereas I was very little before thee, O Lord, my Lord, yet thou spokest concerning the house of thy servant for a long time to come. And is this the law of man, O Lord, my Lord?",score>=16; high+tracked
Deuteronomy 12:11,Deuteronomy,12,11,medium,17,0,0,3,3,"Acts 15:17, James 2:7, Romans 2:17",5,1,3,0,0,0,0,0,0,,,9,3,3,3,"literal_support, smoothing, translation_tradition",keep,0,,,,,,,keep,"god, lord, name","importance=medium; keywords=god, lord, name; nt=Acts 15:17, James 2:7, Romans 2:17; crossref_top_vote=5; crossref_shared_family=3; nt_eng=support:3/soften:3/mixed:3; nt_eng_reco=keep; nt_eng_flags=literal_support, smoothing, translation_tradition; reco=keep","And it shall be, the place that the Lord your God chooses for his name to be called there, there you shall bring everything that I command you today, your whole burnt offerings and your sacrifices and your tithes and the firstfruits of your hands and every choice gift that you vow to your God.","And there shall be a place which the Lord thy God shall choose for his name to be called there, thither shall ye bring all things that I order you to-day; your whole-burnt-offerings, and your sacrifices, and your tithes, and the first-fruits of your hands, and every choice gift of yours, whatsoever ye shall vow to the Lord your God.",score>=16; nt+score>=14
Deuteronomy 12:26,Deuteronomy,12,26,low,17,0,0,3,3,"Acts 15:17, James 2:7, Romans 2:17",4,0,2,0,0,0,0,0,0,,,9,3,3,3,"literal_support, smoothing, translation_tradition",keep,0,,,,,,,keep,"god, holy, lord, name","importance=low; keywords=god, holy, lord, name; nt=Acts 15:17, James 2:7, Romans 2:17; crossref_top_vote=4; crossref_shared_family=2; nt_eng=support:3/soften:3/mixed:3; nt_eng_reco=keep; nt_eng_flags=literal_support, smoothing, translation_tradition; reco=keep","Except your holy things that you may have, and your vows, taking them you shall come to the place that the Lord your God chooses for his name to be called there.","But thou shalt take thy holy things, if thou hast any, and thy vowed-offerings, and come to the place which the Lord thy God shall choose to have his name named upon it.",score>=16; nt+score>=14
Joshua 22:5,Joshua,22,5,medium,17,0,0,0,0,,49,4,0,3,2,0,0,0,1,unclear,keep,0,0,0,0,,,0,,,,,,,keep,"god, law, lord, servant, soul","importance=medium; keywords=god, law, lord, servant, soul; crossref_top_vote=49; eng=fresh:2/brenton:0/mt:0; eng_reco=keep; eng_flags=unclear; reco=keep","Only take great care to do the commandments and the law that Moses the servant of the Lord commanded us to do: to love the Lord your God, to walk in all his ways, to keep his commandments, and to cling to him and serve him with all your mind and with all your soul.","But take great heed to do the commands and the law, which Moses the servant of the Lord commanded you to do; to love the Lord our God, to walk in all his ways, to keep his commands, and to cleave to him, and serve him with all your mind, and with all your soul.",score>=16
Numbers 12:8,Numbers,12,8,high,17,1,1,0,0,,14,4,0,0,0,0,0,0,0,,,0,0,0,0,,,0,,,,,,,keep,"glory, lord, servant","decisions=1; footnotes=1; reviewed_decisions=1; importance=high; keywords=glory, lord, servant; crossref_top_vote=14; reco=keep","Mouth to mouth I will speak to him, in visible form and not by riddles, and he has seen the glory of the Lord. And why were you not afraid to speak against my servant Moses?","I will speak to him mouth to mouth apparently, and not in dark speeches; and he has seen the glory of the Lord; and why were ye not afraid to speak against my servant Moses?",score>=16; high+tracked
Numbers 25:13,Numbers,25,13,high,17,1,1,0,0,,5,3,0,0,0,0,0,0,0,,,0,0,0,0,,,0,,,,,,,keep,"covenant, god, seed","decisions=1; footnotes=1; reviewed_decisions=1; importance=high; keywords=covenant, god, seed; crossref_top_vote=5; reco=keep","And it shall be to him and to his seed after him a covenant of everlasting priesthood, because he was jealous for his God and made atonement for the sons of Israel.","and he and his seed after him shall have a perpetual covenant of priesthood, because he was zealous for his God, and made atonement for the children of Israel.",score>=16; high+tracked
Numbers 5:18,Numbers,5,18,high,17,1,1,0,0,,2,3,0,0,0,0,0,0,0,,,0,0,0,0,,,0,,,,,,,keep,"lord, priest, sacrifice","decisions=1; footnotes=1; reviewed_decisions=1; importance=high; keywords=lord, priest, sacrifice; crossref_top_vote=2; reco=keep","And the priest shall set the woman before the Lord and uncover the woman's head and put upon her hands the sacrifice of memorial, the sacrifice of jealousy. And in the priest's hand shall be the water of reproof, this cursed water.","And the priest shall cause the woman to stand before the Lord, and shall uncover the head of the woman, and shall put into her hands the sacrifice of memorial, the sacrifice of jealousy; and in the hand of the priest shall be the water of this conviction that brings the curse.",score>=16; high+tracked
Numbers 7:89,Numbers,7,89,high,17,1,1,0,0,,11,2,0,0,0,0,0,0,0,,,0,0,0,0,,,0,,,,,,,keep,"god, lord, mercy","decisions=1; footnotes=1; reviewed_decisions=1; importance=high; keywords=god, lord, mercy; crossref_top_vote=11; reco=keep","When Moses entered into the tent of testimony to speak with him, he heard the voice of the Lord speaking to him from above the mercy seat that is upon the ark of testimony, from between the two cherubim, and he spoke to him.","When Moses went into the tabernacle of witness to speak to God, then he heard the voice of the Lord speaking to him from off the mercy-seat, which is upon the ark of the testimony, between the two cherubs; and he spoke to him.",score>=16; high+tracked
Numbers 9:13,Numbers,9,13,high,17,1,1,0,0,,5,3,0,0,0,0,0,0,0,,,0,0,0,0,,,0,,,,,,,keep,"lord, sin, soul","decisions=1; footnotes=1; reviewed_decisions=1; importance=high; keywords=lord, sin, soul; crossref_top_vote=5; reco=keep","But the man who is clean and is not on a far journey and yet neglects to keep the Passover, that soul shall be cut off from its people, because he did not bring the Lord's gift at its appointed time. That man shall bear his sin.","And whatsoever man shall be clean, and is not far off on a journey, and shall fail to keep the passover, that soul shall be cut off from his people, because he has not offered the gift to the Lord in its season: that man shall bear his iniquity.",score>=16; high+tracked
1 Kings 16:28,1 Kings,16,28,high,16,1,1,0,0,,0,0,0,0,0,0,0,0,0,,,0,0,0,0,,,0,,,,,,,,"king, lord, name","decisions=1; footnotes=1; importance=high; keywords=king, lord, name","And Ambri slept with his fathers and was buried in Samaria, and Achaab his son reigned in place of him. And in the eleventh year of Ambri, Iosaphat son of Asa reigned, thirty-five years old in his reign, and he reigned twenty-five years in Ierousalem, and his mother's name was Gazouba daughter of Selei. And he walked in the way of Asa his father and did not turn aside from it, doing what was right before the Lord, except the high places they did not remove; they sacrificed on the high places and burned incense. And the rest of the alliances that Iosaphat made and all the dominion that he exercised and those against whom he fought, behold, are these not written in the Book of the Matters of the Days of the kings of Iouda? And the rest of the entanglements that were imposed in the days of Asa his father he removed from the land. And there was no king in Syria, only a deputy. And King Iosaphat made a ship for Tharsis to go to Sophir for gold, and it did not go because the ship was broken at Gasiongaber. Then the king of Israel said to Iosaphat, I will send your servants and my servants in the ship, and Iosaphat was not willing. And Iosaphat slept with his fathers and was buried with his fathers in the City of David, and Ioram his son reigned in place of him.","And Ambri slept with his fathers, and is buried in Samaria; and Achaab his son reigns in his stead.",score>=16; high+tracked
1 Kings 2:46,1 Kings,2,46,high,16,1,1,0,0,,5,0,0,0,0,0,0,0,0,,,0,0,0,0,,,0,,,,,,,,"king, peace, priest","decisions=1; footnotes=1; importance=high; keywords=king, peace, priest; crossref_top_vote=5","And King Solomon commanded Banaias son of Iodae, and he went out and struck him and he died. And King Solomon was very understanding and wise, and Iouda and Israel were exceedingly many, like the sand on the sea in multitude, eating and drinking and rejoicing. And Solomon was ruler over all the kingdoms, and they were bringing gifts and serving Solomon all the days of his life. And Solomon began opening the domains of Lebanon. And he built Thermai in the wilderness. And this was Solomon's provision: thirty cors of fine flour and sixty cors of beaten flour, ten choice calves and twenty pasture-fed cattle and one hundred sheep, besides deer and gazelles and choice fatted birds. For he was ruler over everything beyond the river, from Raphi to Gaza, over all the kings beyond the river. And he had peace from all his sides all around, and Iouda and Israel lived trusting, each under his vine and under his fig tree, eating and drinking, from Dan to Bersabee, all the days of Solomon. And these were the chiefs of Solomon: Azariou son of Sadok the priest, and Orniou son of Nathan, chief of the overseers, and Edram over his house, and Souba secretary, and Basa son of Achithalam recorder, and Abi son of Ioab commander in chief, and Achire son of Edrai over the levies, and Banaia son of Iodae over the court guard and over the brickwork, and Zachour son of Nathan the counselor. And Solomon had forty thousand brood mares for chariots and twelve thousand horsemen. And he was ruler in all the kingdoms from the river to the land of the foreigners and to the borders of Egypt. Solomon son of David reigned over Israel and Iouda in Ierousalem.","And Solomon commanded Banæas the son of Jodae, and he went forth and slew him.",score>=16; high+tracked
1 Kings 3:9,1 Kings,3,9,high,16,1,1,0,0,,29,3,0,0,0,0,0,0,0,,,0,0,0,0,,,0,,,,,,,keep,"righteousness, servant","decisions=1; footnotes=1; reviewed_decisions=1; importance=high; keywords=righteousness, servant; crossref_top_vote=29; reco=keep","And you will give your servant a heart that hears and discerns your people in righteousness, to understand between good and evil. For who will be able to judge this heavy people of yours?","Thou shalt give therefore to thy servant a heart to hear and to judge thy people justly, and to discern between good and evil: for who will be able to judge this thy great people?",score>=16; high+tracked
1 Samuel 23:16,1 Samuel,23,16,high,16,1,1,0,0,,205,5,0,3,3,0,0,0,0,,keep,0,0,0,0,,,0,,,,,,,keep,lord,decisions=1; footnotes=1; reviewed_decisions=1; importance=high; keywords=lord; crossref_top_vote=205; eng=fresh:3/brenton:0/mt:0; eng_reco=keep; reco=keep,And Iōnathan son of Saoul rose and went to David into the New Place and strengthened his hands in the Lord.,"And Jonathan son of Saul rose, and went to David to Cæne, and strengthened his hands in the Lord.",score>=16; high+tracked
2 Kings 1:18,2 Kings,1,18,high,16,1,1,0,0,,2,0,0,0,0,0,0,0,0,,,0,0,0,0,,,0,,,,,,,,"king, lord, sin","decisions=1; footnotes=1; importance=high; keywords=king, lord, sin; crossref_top_vote=2","And the rest of the matters of Ochozias, what he did, behold, are these not written in the Book of the Matters of the Days of the kings of Israel? And Iōram son of Achaab reigned over Israel in Samaria twelve years, in the eighteenth year of Iosaphat king of Iouda. And he did evil before the Lord, yet not like his brothers nor like his mother. And he removed the pillars of Baal that his father made and shattered them. Yet in the sins of the house of Ieroboam, who made Israel sin, he clung and did not depart from them. And the anger of the Lord was enraged against the house of Achaab.","And the rest of the acts of Ochozias which he did, behold, are they not written in the book of the chronicles of the kings of Israel?",score>=16; high+tracked
Daniel 4:37,Daniel,4,37,medium,16,0,0,0,0,,16,3,0,0,0,0,0,0,0,,,0,0,0,0,,,0,,,,,,,,"god, holy, king, lord, sacrifice, soul","importance=medium; keywords=god, holy, king, lord, sacrifice, soul; crossref_top_vote=16","I confess and praise the Most High, the one who made heaven and earth and seas and rivers and all in them. I confess and praise because he is God of gods and Lord of lords and King of kings, because he works signs and wonders and changes times and seasons, removing kingdom from kings and setting others in their place. From now on I will serve him, and fear of him has seized me, and I praise all his holy ones. Gods of nations have no power in themselves to turn kingdom of a king to another king, or to kill and make alive, or to do great and fearsome signs and wonders, or to change exceedingly great things, as God of heaven did in me and changed great things upon me. All days of my kingdom I will offer sacrifices concerning my soul to the Most High as sweet smell to the Lord, and I and my people and my nation and my lands under my authority will do what is pleasing before him. And whoever speaks against God of heaven, and whoever is caught speaking, I will condemn to death. King Nebuchadnezzar wrote a circular letter to all nations and lands and languages dwelling in all regions and generations: Praise Lord God of heaven and offer sacrifice and offering to him gloriously. I, king of kings, confess him gloriously, because this day he has done thus with me and seated me on my throne, and my authority and kingdom were restored to me. It seemed good to me to show you and your wise men that there is a God and his wonders are great. His kingdom is a kingdom forever, his authority from generations to generations. And he sent letters concerning all things that happened to him in his kingdom to all nations under his kingdom.",,score>=16
Isaiah 54:10,Isaiah,54,10,medium,16,0,0,0,0,,56,3,0,0,0,0,0,0,0,,keep,0,0,0,0,,,0,,,,,,,keep,"being, covenant, lord, mercy, peace","importance=medium; keywords=being, covenant, lord, mercy, peace; crossref_top_vote=56; eng_reco=keep; reco=keep","Mountains may be moved and your hills shaken, but my mercy for you will not fail, and the covenant of your peace will not be moved, says the Lord, being gracious to you.",,score>=16
2 Chronicles 7:14,2 Chronicles,7,14,low,15,0,0,2,3,"Acts 15:17, James 2:7",297,1,0,0,0,0,0,0,0,,,6,1,3,2,"literal_support, smoothing, translation_tradition",keep,0,,,,,,,keep,"name, repent","importance=low; keywords=name, repent; nt=Acts 15:17, James 2:7; crossref_top_vote=297; nt_eng=support:1/soften:3/mixed:2; nt_eng_reco=keep; nt_eng_flags=literal_support, smoothing, translation_tradition; reco=keep","and my people upon whom my name has been called are put to shame, and they pray and seek my face and turn from their evil ways, then I will hear from heaven and be merciful to their sins and heal their land.","then if my people, on whom my name is called, should repent, and pray, and seek my face, and turn from their evil ways, I also will hear from heaven, and I will be merciful to their sins, and I will heal their land.",nt+score>=14
2 Samuel 12:13,2 Samuel,12,13,high,15,1,1,0,0,,15,1,0,0,0,0,0,0,0,,,0,0,0,0,,,0,,,,,,,keep,"lord, sin","decisions=1; footnotes=1; reviewed_decisions=1; importance=high; keywords=lord, sin; crossref_top_vote=15; reco=keep","And David said to Nathan, I have sinned against the Lord. And Nathan said to David, And the Lord has caused your sin to pass over; you certainly will not die.","And David said to Nathan, I have sinned against the Lord. And Nathan said to David, And the Lord has put away thy sin; thou shalt not die.",high+tracked
2 Samuel 15:6,2 Samuel,15,6,high,15,1,1,0,0,,6,2,0,0,0,0,0,0,0,,,0,0,0,0,,,0,,,,,,,keep,"judgment, king","decisions=1; footnotes=1; reviewed_decisions=1; importance=high; keywords=judgment, king; crossref_top_vote=6; reco=keep","And Abessalōm did according to this word to all Israel who were coming for judgment to the king, and Abessalōm was stealing the heart of the men of Israel.",And Abessalom did after this manner to all Israel that came to the king for judgment; and Abessalom gained the hearts of the men of Israel.,high+tracked
Amos 9:12,Amos,9,12,low,15,0,0,2,3,"Acts 15:17, James 2:7",7,1,1,0,0,0,0,0,0,,,6,1,3,2,"literal_support, smoothing, translation_tradition",keep,0,,,,,,,keep,"god, lord, name","importance=low; keywords=god, lord, name; nt=Acts 15:17, James 2:7; crossref_top_vote=7; crossref_shared_family=1; nt_eng=support:1/soften:3/mixed:2; nt_eng_reco=keep; nt_eng_flags=literal_support, smoothing, translation_tradition; reco=keep","so that remnant of men and all nations upon whom my name was called upon them may seek, says Lord God who does these things.",,nt+score>=14
Jeremiah 15:16,Jeremiah,15,16,low,15,0,0,2,3,"Acts 15:17, James 2:7",549,1,0,0,0,0,0,0,0,,,6,1,3,2,"literal_support, smoothing, translation_tradition",keep,0,,,,,,,keep,"lord, name","importance=low; keywords=lord, name; nt=Acts 15:17, James 2:7; crossref_top_vote=549; nt_eng=support:1/soften:3/mixed:2; nt_eng_reco=keep; nt_eng_flags=literal_support, smoothing, translation_tradition; reco=keep","By those rejecting your words, consume them. And your word will be to me joy and gladness of my heart, because your name is called upon me, Lord Almighty.",,nt+score>=14
Zechariah 13:9,Zechariah,13,9,low,15,0,0,4,3,"Acts 2:21, Romans 10:13, 1 Corinthians 1:2, 2 Timothy 2:22",132,2,0,0,0,0,0,0,0,,,12,12,0,0,literal_support,keep,0,,,,,,,keep,"god, lord, name","importance=low; keywords=god, lord, name; nt=Acts 2:21, Romans 10:13, 1 Corinthians 1:2, 2 Timothy 2:22; crossref_top_vote=132; nt_eng=support:12/soften:0/mixed:0; nt_eng_reco=keep; nt_eng_flags=literal_support; reco=keep","And I will bring third through fire and refine them as silver is refined and test them as gold is tested. He will call on my name, and I will hear him, and I will say, This is my people, and he will say, Lord is my God.",,nt+score>=14
Jeremiah 14:9,Jeremiah,14,9,medium,14,0,0,2,3,"Acts 15:17, James 2:7",5,1,1,0,0,0,0,0,0,,,6,1,3,2,"literal_support, smoothing, translation_tradition",keep,0,,,,,,,keep,"lord, name","importance=medium; keywords=lord, name; nt=Acts 15:17, James 2:7; crossref_top_vote=5; crossref_shared_family=1; nt_eng=support:1/soften:3/mixed:2; nt_eng_reco=keep; nt_eng_flags=literal_support, smoothing, translation_tradition; reco=keep","Do not be like sleeping man or like man unable to save. And you are in us, Lord, and your name is called upon us; do not forget us.",,nt+score>=14
2 Kings 2:9,2 Kings,2,9,high,13,1,1,0,0,,12,4,0,2,2,0,0,0,0,,keep,0,0,0,0,,,0,,,,,,,keep,spirit,decisions=1; footnotes=1; reviewed_decisions=1; importance=high; keywords=spirit; crossref_top_vote=12; eng=fresh:2/brenton:0/mt:0; eng_reco=keep; reco=keep,"And it came to be when they crossed over, Elijah said to Elisaie, Ask what I should do for you before I am taken up from you. And Elisaie said, Let a double share of your spirit now be upon me.","And it came to pass while they were crossing over, that Eliu said to Elisaie, Ask what I shall do for thee before I am taken up from thee. And Elisaie said, Let there be, I pray thee, a double portion of thy spirit upon me.",high+tracked
