family,description,ref,book_name,chapter,verse,greek_text,fresh_translation,bucket,dominant_bucket,dominant_count,family_row_count
call-on-name-formula,"Active invocation formula, calling on the divine name.",1 Kings 8:43,1 Kings,8,43,και συ εισακουση εκ του ουρανου εξ ετοιμου κατοικητηριου σου και ποιησεις κατα παντα οσα αν επικαλεσηται σε ο αλλοτριος οπως γνωσιν παντες οι λαοι το ονομα σου και φοβωνται σε καθως ο λαος σου ισραηλ και γνωσιν οτι το ονομα σου επικεκληται επι τον οικον τουτον ον ωκοδομησα,"then you will hear from heaven from your ready dwelling place and do according to all that the foreigner calls on you for, so that all the peoples of the earth may know your name and fear you as your people Israel do, and may know that your name is called upon this house that I built.",other,call-on-name,5,13
call-on-name-formula,"Active invocation formula, calling on the divine name.",1 Kings 18:24,1 Kings,18,24,και βοατε εν ονοματι θεων υμων και εγω επικαλεσομαι εν ονοματι κυριου του θεου μου και εσται ο θεος ος εαν επακουση εν πυρι ουτος θεος και απεκριθησαν πας ο λαος και ειπον καλον το ρημα ο ελαλησας,"And call in the name of your gods, and I will call in the name of the Lord my God, and the god who answers by fire, he is God. And all the people answered and said, Good is the word that you spoke.",call-in-name,call-on-name,5,13
call-on-name-formula,"Active invocation formula, calling on the divine name.",1 Kings 18:25,1 Kings,18,25,και ειπεν ηλιου τοις προφηταις της αισχυνης εκλεξασθε εαυτοις τον μοσχον τον ενα και ποιησατε πρωτοι οτι πολλοι υμεις και επικαλεσασθε εν ονοματι θεου υμων και πυρ μη επιθητε,"And Elijah said to the prophets of the Shame, Choose for yourselves the one calf and prepare it first, because you are many, and call in the name of your god, but put no fire.",call-in-name,call-on-name,5,13
call-on-name-formula,"Active invocation formula, calling on the divine name.",2 Chronicles 6:33,2 Chronicles,6,33,και εισακουση εκ του ουρανου εξ ετοιμου κατοικητηριου σου και ποιησεις κατα παντα οσα εαν επικαλεσηται σε ο αλλοτριος οπως γνωσιν παντες οι λαοι της γης το ονομα σου και του φοβεισθαι σε ως ο λαος σου ισραηλ και του γνωναι οτι επικεκληται το ονομα σου επι τον οικον τουτον ον ωκοδομησα,"then you shall hear from heaven, from your ready dwelling, and do according to all things whatever foreigner calls upon you for, so that all peoples of earth may know your name and fear you as your people Israel and know that your name is called upon this house which I built.",other,call-on-name,5,13
call-on-name-formula,"Active invocation formula, calling on the divine name.",2 Kings 5:11,2 Kings,5,11,και εθυμωθη ναιμαν και απηλθεν και ειπεν ιδου δη ελεγον οτι εξελευσεται προς με και στησεται και επικαλεσεται εν ονοματι θεου αυτου και επιθησει την χειρα αυτου επι τον τοπον και αποσυναξει το λεπρον,"And Naiman grew angry and went away and said, Behold, I said to myself that he would surely come out to me and stand and call on the name of his God and put his hand on the place and remove the skin-diseased part.",call-on-name,call-on-name,5,13
call-on-name-formula,"Active invocation formula, calling on the divine name.",2 Samuel 20:1,2 Samuel,20,1,και εκει επικαλουμενος υιος παρανομος και ονομα αυτω σαβεε υιος βοχορι ανηρ ο ιεμενι και εσαλπισεν εν τη κερατινη και ειπεν ουκ εστιν ημιν μερις εν δαυιδ ουδε κληρονομια ημιν εν τω υιω ιεσσαι ανηρ εις τα σκηνωματα σου ισραηλ,"And there happened to be there a lawless man, and his name was Sabee son of Bochori, a Jeminaian man. And he sounded the horn and said, We have no share in David, nor inheritance for us in the son of Iessai. Each man to your tents, O Israel.",other,call-on-name,5,13
call-on-name-formula,"Active invocation formula, calling on the divine name.",Isaiah 64:6,Isaiah,64,6,και ουκ εστιν ο επικαλουμενος το ονομα σου και ο μνησθεις αντιλαβεσθαι σου οτι απεστρεψας το προσωπον σου αφ' ημων και παρεδωκας ημας δια τας αμαρτιας ημων,"And there is no one calling on your name and remembering to take hold of you, because you turned your face from us and gave us over because of our sins.",other,call-on-name,5,13
call-on-name-formula,"Active invocation formula, calling on the divine name.",Joel 3:5,Joel,3,5,και εσται πας ος αν επικαλεσηται το ονομα κυριου σωθησεται οτι εν τω ορει σιων και εν ιερουσαλημ εσται ανασωζομενος καθοτι ειπεν κυριος και ευαγγελιζομενοι ους κυριος προσκεκληται,"And it will be that everyone who calls on name of Lord will be saved, because on mount Zion and in Jerusalem there will be survivors, as Lord said, and those bearing good news whom Lord has called.",other,call-on-name,5,13
call-on-name-formula,"Active invocation formula, calling on the divine name.",Psalms 74:2,Psalms,74,2,εξομολογησομεθα σοι ο θεος εξομολογησομεθα και επικαλεσομεθα το ονομα σου,"We will confess to you, O God, we will confess, and we will call on your name.",call-on-name,call-on-name,5,13
call-on-name-formula,"Active invocation formula, calling on the divine name.",Psalms 79:19,Psalms,79,19,και ου μη αποστωμεν απο σου ζωωσεις ημας και το ονομα σου επικαλεσομεθα,"And we will never depart from you; you will make us live, and we will call upon your name.",call-on-name,call-on-name,5,13
call-on-name-formula,"Active invocation formula, calling on the divine name.",Psalms 98:6,Psalms,98,6,μωυσης και ααρων εν τοις ιερευσιν αυτου και σαμουηλ εν τοις επικαλουμενοις το ονομα αυτου επεκαλουντο τον κυριον και αυτος επηκουσεν αυτων,"Moses and Aaron among his priests and Samuel among those calling on his name; they called on Lord, and he heard them.",other,call-on-name,5,13
call-on-name-formula,"Active invocation formula, calling on the divine name.",Psalms 115:4,Psalms,115,4,ποτηριον σωτηριου λημψομαι και το ονομα κυριου επικαλεσομαι,"Cup of salvation I will take, and name of Lord I will call upon.",call-on-name,call-on-name,5,13
call-on-name-formula,"Active invocation formula, calling on the divine name.",Zechariah 13:9,Zechariah,13,9,και διαξω το τριτον δια πυρος και πυρωσω αυτους ως πυρουται το αργυριον και δοκιμω αυτους ως δοκιμαζεται το χρυσιον αυτος επικαλεσεται το ονομα μου καγω επακουσομαι αυτω και ερω λαος μου ουτος εστιν και αυτος ερει κυριος ο θεος μου,"And I will bring third through fire and refine them as silver is refined and test them as gold is tested. He will call on my name, and I will hear him, and I will say, This is my people, and he will say, Lord is my God.",call-on-name,call-on-name,5,13
into-living-soul-formula,"Predicate εἰς ψυχὴν ζῶσαν / into a living soul, especially Genesis 2:7 and its NT echo.",Genesis 2:7,Genesis,2,7,"καὶ ἔπλασεν ὁ Θεὸς τὸν ἄνθρωπον, χοῦν ἀπὸ τῆς γῆς, καὶ ἐνεφύσησεν εἰς τὸ πρόσωπον αὐτοῦ πνοὴν ζωῆς, καὶ ἐγένετο ὁ ἄνθρωπος εἰς ψυχὴν ζῶσαν.","And God formed the human from dust of the earth and breathed into his face the breath of life, and the human became a living soul.",living-soul,living-soul,1,1
name-there-formula,Name formula with location marker such as 'to have his name called there'.,2 Chronicles 6:20,2 Chronicles,6,20,του ειναι οφθαλμους σου ανεωγμενους επι τον οικον τουτον ημερας και νυκτος εις τον τοπον τουτον ον ειπας επικληθηναι το ονομα σου εκει του ακουσαι της προσευχης ης ο παις σου προσευχεται εις τον τοπον τουτον,"that your eyes may be open upon this house day and night, upon this place where you said your name would be called there, to hear prayer which your servant prays toward this place.",called-there,called-there,15,16
name-there-formula,Name formula with location marker such as 'to have his name called there'.,2 Chronicles 12:13,2 Chronicles,12,13,και κατισχυσεν ροβοαμ εν ιερουσαλημ και εβασιλευσεν και τεσσαρακοντα και ενος ετων ροβοαμ εν τω βασιλευσαι αυτον και επτακαιδεκα ετη εβασιλευσεν εν ιερουσαλημ εν τη πολει η εξελεξατο κυριος επονομασαι το ονομα αυτου εκει εκ πασων φυλων υιων ισραηλ και ονομα της μητρος αυτου νοομμα η αμμανιτις,"And Rehoboam was strengthened in Jerusalem and reigned. Rehoboam was forty-one years old when he began to reign, and he reigned seventeen years in Jerusalem, in the city which the Lord chose from all the tribes of the sons of Israel to have his name called there, and his mother's name was Naamah the Ammonite.",called-there,called-there,15,16
name-there-formula,Name formula with location marker such as 'to have his name called there'.,Deuteronomy 12:5,Deuteronomy,12,5,αλλ' η εις τον τοπον ον αν εκλεξηται κυριος ο θεος υμων εν μια των φυλων υμων επονομασαι το ονομα αυτου εκει επικληθηναι και εκζητησετε και εισελευσεσθε εκει,"But only to the place that the Lord your God chooses in one of your tribes, to have his name called there, you shall seek, and you shall go in there.",called-there,called-there,15,16
name-there-formula,Name formula with location marker such as 'to have his name called there'.,Deuteronomy 12:11,Deuteronomy,12,11,και εσται ο τοπος ον αν εκλεξηται κυριος ο θεος υμων επικληθηναι το ονομα αυτου εκει εκει οισετε παντα οσα εγω εντελλομαι υμιν σημερον τα ολοκαυτωματα υμων και τα θυσιασματα υμων και τα επιδεκατα υμων και τας απαρχας των χειρων υμων και τα δοματα υμων και παν εκλεκτον των δωρων υμων οσα εαν ευξησθε τω θεω υμων,"And it shall be, the place that the Lord your God chooses for his name to be called there, there you shall bring everything that I command you today, your whole burnt offerings and your sacrifices and your tithes and the firstfruits of your hands and every choice gift that you vow to your God.",called-there,called-there,15,16
name-there-formula,Name formula with location marker such as 'to have his name called there'.,Deuteronomy 12:21,Deuteronomy,12,21,εαν δε μακροτερον απεχη σου ο τοπος ον αν εκλεξηται κυριος ο θεος σου επικληθηναι το ονομα αυτου εκει και θυσεις απο των βοων σου και απο των προβατων σου ων αν δω ο θεος σοι ον τροπον ενετειλαμην σοι και φαγη εν ταις πολεσιν σου κατα την επιθυμιαν της ψυχης σου,"And if the place that the Lord your God chooses for his name to be called there is farther from you, then you shall slaughter from your cattle and from your sheep that God gave you, in the way I commanded you, and you shall eat in your cities according to the desire of your soul.",called-there,called-there,15,16
name-there-formula,Name formula with location marker such as 'to have his name called there'.,Deuteronomy 12:26,Deuteronomy,12,26,πλην τα αγια σου εαν γενηται σοι και τας ευχας σου λαβων ηξεις εις τον τοπον ον αν εκλεξηται κυριος ο θεος σου επικληθηναι το ονομα αυτου εκει,"Except your holy things that you may have, and your vows, taking them you shall come to the place that the Lord your God chooses for his name to be called there.",called-there,called-there,15,16
name-there-formula,Name formula with location marker such as 'to have his name called there'.,Deuteronomy 14:23,Deuteronomy,14,23,και φαγη αυτο εναντι κυριου του θεου σου εν τω τοπω ω αν εκλεξηται κυριος ο θεος σου επικληθηναι το ονομα αυτου εκει οισετε τα επιδεκατα του σιτου σου και του οινου σου και του ελαιου σου τα πρωτοτοκα των βοων σου και των προβατων σου ινα μαθης φοβεισθαι κυριον τον θεον σου πασας τας ημερας,"And you shall eat it before the Lord your God in the place where the Lord your God chooses for his name to be called there. You shall bring the tithes of your grain and your wine and your oil and the firstborn of your cattle and your sheep, so that you may learn to fear the Lord your God all the days.",called-there,called-there,15,16
name-there-formula,Name formula with location marker such as 'to have his name called there'.,Deuteronomy 14:24,Deuteronomy,14,24,εαν δε μακραν γενηται απο σου η οδος και μη δυνη αναφερειν αυτα οτι μακραν απο σου ο τοπος ον αν εκλεξηται κυριος ο θεος σου επικληθηναι το ονομα αυτου εκει οτι ευλογησει σε κυριος ο θεος σου,"And if the road is too long for you and you are not able to carry them, because the place that the Lord your God chooses for his name to be called there is far from you, because the Lord your God will bless you,",called-there,called-there,15,16
name-there-formula,Name formula with location marker such as 'to have his name called there'.,Deuteronomy 16:2,Deuteronomy,16,2,και θυσεις το πασχα κυριω τω θεω σου προβατα και βοας εν τω τοπω ω εαν εκλεξηται κυριος ο θεος σου αυτον επικληθηναι το ονομα αυτου εκει,"And you shall sacrifice the Passover to the Lord your God, sheep and cattle, in the place that the Lord your God chooses for his name to be called there.",called-there,called-there,15,16
name-there-formula,Name formula with location marker such as 'to have his name called there'.,Deuteronomy 16:6,Deuteronomy,16,6,αλλ' η εις τον τοπον ον εαν εκλεξηται κυριος ο θεος σου επικληθηναι το ονομα αυτου εκει θυσεις το πασχα εσπερας προς δυσμας ηλιου εν τω καιρω ω εξηλθες εξ αιγυπτου,"but only at the place that the Lord your God chooses for his name to be called there, there you shall sacrifice the Passover in the evening, at the setting of the sun, at the time when you came out from Egypt.",called-there,called-there,15,16
name-there-formula,Name formula with location marker such as 'to have his name called there'.,Deuteronomy 16:11,Deuteronomy,16,11,και ευφρανθηση εναντιον κυριου του θεου σου συ και ο υιος σου και η θυγατηρ σου ο παις σου και η παιδισκη σου και ο λευιτης ο εν ταις πολεσιν σου και ο προσηλυτος και ο ορφανος και η χηρα η εν υμιν εν τω τοπω ω εαν εκλεξηται κυριος ο θεος σου επικληθηναι το ονομα αυτου εκει,"And you shall rejoice before the Lord your God, you and your son and your daughter, your male servant and your female servant, and the Levite in your cities and the proselyte and the orphan and the widow among you, in the place that the Lord your God chooses for his name to be called there.",called-there,called-there,15,16
name-there-formula,Name formula with location marker such as 'to have his name called there'.,Deuteronomy 17:8,Deuteronomy,17,8,εαν δε αδυνατηση απο σου ρημα εν κρισει ανα μεσον αιμα αιματος και ανα μεσον κρισις κρισεως και ανα μεσον αφη αφης και ανα μεσον αντιλογια αντιλογιας ρηματα κρισεως εν ταις πολεσιν υμων και αναστας αναβηση εις τον τοπον ον αν εκλεξηται κυριος ο θεος σου επικληθηναι το ονομα αυτου εκει,"And if a matter in judgment is too hard for you, between blood and blood, and between judgment and judgment, and between wound and wound, words of judgment in your cities, then, rising, you shall go up to the place that the Lord your God chooses for his name to be called there.",called-there,called-there,15,16
name-there-formula,Name formula with location marker such as 'to have his name called there'.,Deuteronomy 17:10,Deuteronomy,17,10,και ποιησεις κατα το πραγμα ο εαν αναγγειλωσιν σοι εκ του τοπου ου αν εκλεξηται κυριος ο θεος σου επικληθηναι το ονομα αυτου εκει και φυλαξη σφοδρα ποιησαι κατα παντα οσα εαν νομοθετηθη σοι,"And you shall act according to the matter that they report to you from the place that the Lord your God chooses for his name to be called there, and you shall keep very carefully to do according to everything that may be legislated to you.",called-there,called-there,15,16
name-there-formula,Name formula with location marker such as 'to have his name called there'.,Deuteronomy 26:2,Deuteronomy,26,2,και λημψη απο της απαρχης των καρπων της γης σου ης κυριος ο θεος σου διδωσιν σοι και εμβαλεις εις καρταλλον και πορευση εις τον τοπον ον αν εκλεξηται κυριος ο θεος σου επικληθηναι το ονομα αυτου εκει,then you shall take from the firstfruits of the fruits of your land that the Lord your God gives you and put them into a basket and go to the place that the Lord your God chooses for his name to be called there.,called-there,called-there,15,16
name-there-formula,Name formula with location marker such as 'to have his name called there'.,Exodus 20:24,Exodus,20,24,θυσιαστηριον εκ γης ποιησετε μοι και θυσετε επ' αυτου τα ολοκαυτωματα και τα σωτηρια υμων τα προβατα και τους μοσχους υμων εν παντι τοπω ου εαν επονομασω το ονομα μου εκει και ηξω προς σε και ευλογησω σε,"""You shall make me an altar of earth, and upon it you shall sacrifice your whole burnt offerings and your offerings of salvation, your sheep and your calves. In every place where I cause my name to be called, I will come to you and bless you.""",called-there,called-there,15,16
name-there-formula,Name formula with location marker such as 'to have his name called there'.,Jeremiah 7:11,Jeremiah,7,11,μη σπηλαιον ληστων ο οικος μου ου επικεκληται το ονομα μου επ' αυτω εκει ενωπιον υμων και εγω ιδου εωρακα λεγει κυριος,"has my house over which my name has been called become den of robbers there before you? And I, behold, have seen, says Lord.",other,called-there,15,16
name-upon-formula,Name formula with 'upon' language for house/people/object.,1 Chronicles 28:3,1 Chronicles,28,3,και ο θεος ειπεν ουκ οικοδομησεις εμοι οικον του επονομασαι το ονομα μου επ' αυτω οτι ανθρωπος πολεμιστης ει συ και αιματα εξεχεας,"But God said, You shall not build me a house to have my name called upon it, because you are man of war and have poured out blood.",called-upon,called-upon,4,9
name-upon-formula,Name formula with 'upon' language for house/people/object.,2 Chronicles 7:14,2 Chronicles,7,14,και εαν εντραπη ο λαος μου εφ' ους το ονομα μου επικεκληται επ' αυτους και προσευξωνται και ζητησωσιν το προσωπον μου και αποστρεψωσιν απο των οδων αυτων των πονηρων και εγω εισακουσομαι εκ του ουρανου και ιλεως εσομαι ταις αμαρτιαις αυτων και ιασομαι την γην αυτων,"and my people upon whom my name has been called are put to shame, and they pray and seek my face and turn from their evil ways, then I will hear from heaven and be merciful to their sins and heal their land.",other,called-upon,4,9
name-upon-formula,Name formula with 'upon' language for house/people/object.,Amos 9:12,Amos,9,12,οπως εκζητησωσιν οι καταλοιποι των ανθρωπων και παντα τα εθνη εφ' ους επικεκληται το ονομα μου επ' αυτους λεγει κυριος ο θεος ο ποιων ταυτα,"so that remnant of men and all nations upon whom my name was called upon them may seek, says Lord God who does these things.",called-upon,called-upon,4,9
name-upon-formula,Name formula with 'upon' language for house/people/object.,Jeremiah 7:10,Jeremiah,7,10,και ηλθετε και εστητε ενωπιον εμου εν τω οικω ου επικεκληται το ονομα μου επ' αυτω και ειπατε απεσχημεθα του μη ποιειν παντα τα βδελυγματα ταυτα,"and you came and stood before me in house over which my name has been called and said, We have held back from doing all these abominations—",other,called-upon,4,9
name-upon-formula,Name formula with 'upon' language for house/people/object.,Jeremiah 7:11,Jeremiah,7,11,μη σπηλαιον ληστων ο οικος μου ου επικεκληται το ονομα μου επ' αυτω εκει ενωπιον υμων και εγω ιδου εωρακα λεγει κυριος,"has my house over which my name has been called become den of robbers there before you? And I, behold, have seen, says Lord.",other,called-upon,4,9
name-upon-formula,Name formula with 'upon' language for house/people/object.,Jeremiah 7:14,Jeremiah,7,14,και ποιησω τω οικω τουτω ω επικεκληται το ονομα μου επ' αυτω εφ' ω υμεις πεποιθατε επ' αυτω και τω τοπω ω εδωκα υμιν και τοις πατρασιν υμων καθως εποιησα τη σηλωμ,"I will do to this house over which my name has been called, on which you trust, and to place I gave to you and to your fathers, just as I did to Shiloh.",other,called-upon,4,9
name-upon-formula,Name formula with 'upon' language for house/people/object.,Jeremiah 7:30,Jeremiah,7,30,οτι εποιησαν οι υιοι ιουδα το πονηρον εναντιον εμου λεγει κυριος εταξαν τα βδελυγματα αυτων εν τω οικω ου επικεκληται το ονομα μου επ' αυτον του μιαναι αυτον,"Because sons of Judah did evil before me, says Lord. They set their abominations in house over which my name has been called, to defile it.",other,called-upon,4,9
name-upon-formula,Name formula with 'upon' language for house/people/object.,Jeremiah 14:9,Jeremiah,14,9,μη εση ωσπερ ανθρωπος υπνων η ως ανηρ ου δυναμενος σωζειν και συ εν ημιν ει κυριε και το ονομα σου επικεκληται εφ' ημας μη επιλαθη ημων,"Do not be like sleeping man or like man unable to save. And you are in us, Lord, and your name is called upon us; do not forget us.",called-upon,called-upon,4,9
name-upon-formula,Name formula with 'upon' language for house/people/object.,Jeremiah 15:16,Jeremiah,15,16,υπο των αθετουντων τους λογους σου συντελεσον αυτους και εσται ο λογος σου εμοι εις ευφροσυνην και χαραν καρδιας μου οτι επικεκληται το ονομα σου επ' εμοι κυριε παντοκρατωρ,"By those rejecting your words, consume them. And your word will be to me joy and gladness of my heart, because your name is called upon me, Lord Almighty.",called-upon,called-upon,4,9
soteria-sacrifice-formula,Cultic σωτηρι- terms in sacrificial context.,1 Chronicles 16:1,1 Chronicles,16,1,και εισηνεγκαν την κιβωτον του θεου και απηρεισαντο αυτην εν μεσω της σκηνης ης επηξεν αυτη δαυιδ και προσηνεγκαν ολοκαυτωματα και σωτηριου εναντιον του θεου,"And they brought in ark of God and set it in middle of tent which Dauid pitched for it, and they offered whole burnt offerings and peace offerings before God.",peace,salvation,43,71
soteria-sacrifice-formula,Cultic σωτηρι- terms in sacrificial context.,1 Chronicles 16:2,1 Chronicles,16,2,και συνετελεσεν δαυιδ αναφερων ολοκαυτωματα και σωτηριου και ευλογησεν τον λαον εν ονοματι κυριου,And Dauid finished offering whole burnt offerings and peace offerings and blessed people in name of Lord.,peace,salvation,43,71
soteria-sacrifice-formula,Cultic σωτηρι- terms in sacrificial context.,1 Chronicles 21:26,1 Chronicles,21,26,και ωκοδομησεν δαυιδ εκει θυσιαστηριον κυριω και ανηνεγκεν ολοκαυτωματα και σωτηριου και εβοησεν προς κυριον και επηκουσεν αυτω εν πυρι εκ του ουρανου επι το θυσιαστηριον της ολοκαυτωσεως και καταναλωσεν την ολοκαυτωσιν,"And Dauid built there altar to Lord and offered whole burnt offerings and peace offerings, and cried out to Lord, and he answered him with fire from heaven upon altar of whole burnt offering and consumed whole burnt offering.",peace,salvation,43,71
soteria-sacrifice-formula,Cultic σωτηρι- terms in sacrificial context.,2 Chronicles 7:7,2 Chronicles,7,7,και ηγιασεν σαλωμων το μεσον της αυλης της εν οικω κυριου οτι εποιησεν εκει τα ολοκαυτωματα και τα στεατα των σωτηριων οτι το θυσιαστηριον το χαλκουν ο εποιησεν σαλωμων ουκ εξεποιει δεξασθαι τα ολοκαυτωματα και τα μαναα και τα στεατα,"And Salomon sanctified middle of court in house of Lord, because there he made whole burnt offerings and fat of peace offerings, because bronze altar which Salomon made was not able to receive whole burnt offerings and grain offerings and fats.",peace,salvation,43,71
soteria-sacrifice-formula,Cultic σωτηρι- terms in sacrificial context.,2 Chronicles 29:35,2 Chronicles,29,35,και η ολοκαυτωσις πολλη εν τοις στεασιν της τελειωσεως του σωτηριου και των σπονδων της ολοκαυτωσεως και κατωρθωθη το εργον εν οικω κυριου,"And whole burnt offering was much, with fats of perfection of peace offering and libations of whole burnt offering, and work in house of Lord was set right.",peace,salvation,43,71
soteria-sacrifice-formula,Cultic σωτηρι- terms in sacrificial context.,2 Chronicles 30:22,2 Chronicles,30,22,και ελαλησεν εζεκιας επι πασαν καρδιαν των λευιτων και των συνιοντων συνεσιν αγαθην τω κυριω και συνετελεσαν την εορτην των αζυμων επτα ημερας θυοντες θυσιας σωτηριου και εξομολογουμενοι τω κυριω θεω των πατερων αυτων,"And Ezekias spoke to every heart of Levites, those understanding good understanding for Lord, and they completed feast of unleavened bread seven days, sacrificing sacrifices of peace offering and giving thanks to Lord God of their fathers.",peace,salvation,43,71
soteria-sacrifice-formula,Cultic σωτηρι- terms in sacrificial context.,2 Chronicles 31:2,2 Chronicles,31,2,και εταξεν εζεκιας τας εφημεριας των ιερεων και των λευιτων και τας εφημεριας εκαστου κατα την εαυτου λειτουργιαν τοις ιερευσιν και τοις λευιταις εις την ολοκαυτωσιν και εις την θυσιαν του σωτηριου και αινειν και εξομολογεισθαι και λειτουργειν εν ταις πυλαις εν ταις αυλαις οικου κυριου,"And Ezekias appointed courses of priests and Levites, each course according to its own service, priests and Levites for whole burnt offering and peace offering and to praise and give thanks and minister at gates in courts of house of Lord.",peace,salvation,43,71
soteria-sacrifice-formula,Cultic σωτηρι- terms in sacrificial context.,2 Chronicles 33:16,2 Chronicles,33,16,και κατωρθωσεν το θυσιαστηριον κυριου και εθυσιασεν επ' αυτο θυσιαν σωτηριου και αινεσεως και ειπεν τω ιουδα του δουλευειν κυριω θεω ισραηλ,"And he restored the altar of the Lord and sacrificed upon it a sacrifice of salvation and of praise, and told Iouda to serve the Lord God of Israel.",salvation,salvation,43,71
soteria-sacrifice-formula,Cultic σωτηρι- terms in sacrificial context.,Amos 5:22,Amos,5,22,διοτι και εαν ενεγκητε μοι ολοκαυτωματα και θυσιας υμων ου προσδεξομαι αυτα και σωτηριου επιφανειας υμων ουκ επιβλεψομαι,"Because even if you bring me your burnt offerings and sacrifices, I will not accept them, and I will not look upon your prominent peace offerings.",peace,salvation,43,71
soteria-sacrifice-formula,Cultic σωτηρι- terms in sacrificial context.,Deuteronomy 27:7,Deuteronomy,27,7,και θυσεις εκει θυσιαν σωτηριου κυριω τω θεω σου και φαγη και εμπλησθηση και ευφρανθηση εναντιον κυριου του θεου σου,"and you shall sacrifice there a sacrifice of salvation to the Lord your God, and you shall eat and be filled and rejoice before the Lord your God.",salvation,salvation,43,71
soteria-sacrifice-formula,Cultic σωτηρι- terms in sacrificial context.,Exodus 20:24,Exodus,20,24,θυσιαστηριον εκ γης ποιησετε μοι και θυσετε επ' αυτου τα ολοκαυτωματα και τα σωτηρια υμων τα προβατα και τους μοσχους υμων εν παντι τοπω ου εαν επονομασω το ονομα μου εκει και ηξω προς σε και ευλογησω σε,"""You shall make me an altar of earth, and upon it you shall sacrifice your whole burnt offerings and your offerings of salvation, your sheep and your calves. In every place where I cause my name to be called, I will come to you and bless you.""",salvation,salvation,43,71
soteria-sacrifice-formula,Cultic σωτηρι- terms in sacrificial context.,Exodus 24:5,Exodus,24,5,και εξαπεστειλεν τους νεανισκους των υιων ισραηλ και ανηνεγκαν ολοκαυτωματα και εθυσαν θυσιαν σωτηριου τω θεω μοσχαρια,"And he sent the young men of the sons of Israel, and they offered whole burnt offerings and sacrificed calves as offerings of salvation to God.",salvation,salvation,43,71
soteria-sacrifice-formula,Cultic σωτηρι- terms in sacrificial context.,Exodus 32:6,Exodus,32,6,και ορθρισας τη επαυριον ανεβιβασεν ολοκαυτωματα και προσηνεγκεν θυσιαν σωτηριου και εκαθισεν ο λαος φαγειν και πιειν και ανεστησαν παιζειν,"And rising early the next day, he offered whole burnt offerings and brought sacrifices of salvation. And the people sat down to eat and drink and rose up to play.",salvation,salvation,43,71
soteria-sacrifice-formula,Cultic σωτηρι- terms in sacrificial context.,Ezekiel 43:27,Ezekiel,43,27,και εσται απο της ημερας της ογδοης και επεκεινα ποιησουσιν οι ιερεις επι το θυσιαστηριον τα ολοκαυτωματα υμων και τα του σωτηριου υμων και προσδεξομαι υμας λεγει κυριος,"And when the days are completed, from the eighth day and onward the priests will offer on the altar your burnt offerings and your offerings of salvation, and I will accept you, says Lord.",salvation,salvation,43,71
soteria-sacrifice-formula,Cultic σωτηρι- terms in sacrificial context.,Ezekiel 45:15,Ezekiel,45,15,και προβατον απο των δεκα προβατων αφαιρεμα εκ πασων των πατριων του ισραηλ εις θυσιας και εις ολοκαυτωματα και εις σωτηριου του εξιλασκεσθαι περι υμων λεγει κυριος θεος,"And one sheep from every ten sheep, an offering from all families of Israel, for sacrifices and burnt offerings and offerings of salvation, to make atonement for you, says Lord God.",salvation,salvation,43,71
soteria-sacrifice-formula,Cultic σωτηρι- terms in sacrificial context.,Ezekiel 45:17,Ezekiel,45,17,και δια του αφηγουμενου εσται τα ολοκαυτωματα και αι θυσιαι και αι σπονδαι εσονται εν ταις εορταις και εν ταις νουμηνιαις και εν τοις σαββατοις και εν πασαις ταις εορταις οικου ισραηλ αυτος ποιησει τα υπερ αμαρτιας και την θυσιαν και τα ολοκαυτωματα και τα του σωτηριου του εξιλασκεσθαι υπερ του οικου ισραηλ,"And it will be ruler's part to provide burnt offerings and sacrifices and drink offerings at feasts and new moons and Sabbaths and all festivals of house of Israel; he will provide things for sin and sacrifice and burnt offerings and offerings of salvation, to make atonement for house of Israel.",salvation,salvation,43,71
soteria-sacrifice-formula,Cultic σωτηρι- terms in sacrificial context.,Ezekiel 46:2,Ezekiel,46,2,και εισελευσεται ο αφηγουμενος κατα την οδον του αιλαμ της πυλης της εξωθεν και στησεται επι τα προθυρα της πυλης και ποιησουσιν οι ιερεις τα ολοκαυτωματα αυτου και τα του σωτηριου αυτου και προσκυνησει επι του προθυρου της πυλης και εξελευσεται και η πυλη ου μη κλεισθη εως εσπερας,"And the ruler will enter by way of the porch of the outer gate and stand by the thresholds of the gate, and the priests will offer his burnt offerings and his offerings of salvation, and he will worship at threshold of the gate and go out, and the gate will not be shut until evening.",salvation,salvation,43,71
soteria-sacrifice-formula,Cultic σωτηρι- terms in sacrificial context.,Ezekiel 46:12,Ezekiel,46,12,εαν δε ποιηση ο αφηγουμενος ομολογιαν ολοκαυτωμα σωτηριου τω κυριω και ανοιξει εαυτω την πυλην την βλεπουσαν κατ' ανατολας και ποιησει το ολοκαυτωμα αυτου και τα του σωτηριου αυτου ον τροπον ποιει εν τη ημερα των σαββατων και εξελευσεται και κλεισει τας θυρας μετα το εξελθειν αυτον,"And if the ruler prepares a voluntary offering, a burnt offering, offerings of salvation to Lord, they will open for him the gate facing east, and he will prepare his burnt offering and his offerings of salvation just as he does on Sabbath day, and he will go out, and they will shut the doors after he goes out.",salvation,salvation,43,71
soteria-sacrifice-formula,Cultic σωτηρι- terms in sacrificial context.,Jonah 2:10,Jonah,2,10,εγω δε μετα φωνης αινεσεως και εξομολογησεως θυσω σοι οσα ηυξαμην αποδωσω σοι σωτηριου τω κυριω,"But I, with a voice of praise and confession, will sacrifice to you. Whatever I vowed I will repay to you. Salvation belongs to the Lord.",salvation,salvation,43,71
soteria-sacrifice-formula,Cultic σωτηρι- terms in sacrificial context.,Joshua 22:23,Joshua,22,23,και ει ωκοδομησαμεν αυτοις βωμον ωστε αποστηναι απο κυριου του θεου ημων ωστε αναβιβασαι επ' αυτον θυσιαν ολοκαυτωματων η ωστε ποιησαι επ' αυτου θυσιαν σωτηριου κυριος εκζητησει,"And if we built for ourselves an altar so as to turn away from the Lord our God, so as to offer on it sacrifices of whole burnt offerings or so as to make on it a sacrifice of salvation, the Lord himself shall require it.",salvation,salvation,43,71
soteria-sacrifice-formula,Cultic σωτηρι- terms in sacrificial context.,Joshua 22:27,Joshua,22,27,αλλ' ινα η τουτο μαρτυριον ανα μεσον ημων και υμων και ανα μεσον των γενεων ημων μεθ' ημας του λατρευειν λατρειαν κυριω εναντιον αυτου εν τοις καρπωμασιν ημων και εν ταις θυσιαις ημων και εν ταις θυσιαις των σωτηριων ημων και ουκ ερουσιν τα τεκνα υμων τοις τεκνοις ημων αυριον ουκ εστιν υμιν μερις κυριου,"but so that this may be a witness between us and you and between our generations after us, to render service to the Lord before him in our offerings and in our sacrifices and in our sacrifices of salvation, and your children will not say to our children tomorrow, You have no share in the Lord.",salvation,salvation,43,71
soteria-sacrifice-formula,Cultic σωτηρι- terms in sacrificial context.,Joshua 22:29,Joshua,22,29,μη γενοιτο ουν ημας αποστραφηναι απο κυριου εν ταις σημερον ημεραις αποστηναι απο κυριου ωστε οικοδομησαι ημας θυσιαστηριον τοις καρπωμασιν και ταις θυσιαις σαλαμιν και τη θυσια του σωτηριου πλην του θυσιαστηριου κυριου ο εστιν εναντιον της σκηνης αυτου,"May it never be for us to turn away from the Lord in these days, to revolt from the Lord, so as to build for ourselves an altar for offerings and sacrifices of well-being and the sacrifice of salvation besides the altar of the Lord that is before his tent.",well-being,salvation,43,71
soteria-sacrifice-formula,Cultic σωτηρι- terms in sacrificial context.,Judges 20:26,Judges,20,26,και ανεβησαν παντες οι υιοι ισραηλ και πας ο λαος και ηλθοσαν εις βαιθηλ και εκλαυσαν εναντι κυριου και ενηστευσαν εν τη ημερα εκεινη και ανηνεγκαν ολοκαυτωματα σωτηριου εναντι κυριου,And all the sons of Israel and all the people went up and came to Baethel and wept before the Lord and fasted on that day and offered whole burnt offerings of salvation before the Lord.,salvation,salvation,43,71
soteria-sacrifice-formula,Cultic σωτηρι- terms in sacrificial context.,Judges 21:4,Judges,21,4,και εγενετο εν τη επαυριον και ωρθρισεν ο λαος και ωκοδομησαν εκει θυσιαστηριον και ανηνεγκαν ολοκαυτωματα σωτηριου,"And it came to be on the next day, the people rose early and built there an altar and offered whole burnt offerings of salvation.",salvation,salvation,43,71
soteria-sacrifice-formula,Cultic σωτηρι- terms in sacrificial context.,Leviticus 3:1,Leviticus,3,1,εαν δε θυσια σωτηριου το δωρον αυτου τω κυριω εαν μεν εκ των βοων αυτου προσαγαγη εαν τε αρσεν εαν τε θηλυ αμωμον προσαξει αυτο εναντιον κυριου,"And if his gift to the Lord is a sacrifice of salvation, if he brings it from the cattle, whether male or female, he shall bring it without blemish before the Lord.",salvation,salvation,43,71
soteria-sacrifice-formula,Cultic σωτηρι- terms in sacrificial context.,Leviticus 3:3,Leviticus,3,3,και προσαξουσιν απο της θυσιας του σωτηριου καρπωμα κυριω το στεαρ το κατακαλυπτον την κοιλιαν και παν το στεαρ το επι της κοιλιας,"And from the sacrifice of salvation they shall bring an offering to the Lord: the fat that covers the belly and all the fat that is on the belly,",salvation,salvation,43,71
soteria-sacrifice-formula,Cultic σωτηρι- terms in sacrificial context.,Leviticus 3:6,Leviticus,3,6,εαν δε απο των προβατων το δωρον αυτου θυσιαν σωτηριου τω κυριω αρσεν η θηλυ αμωμον προσοισει αυτο,"And if his gift from the sheep is a sacrifice of salvation to the Lord, male or female, he shall bring it without blemish.",salvation,salvation,43,71
soteria-sacrifice-formula,Cultic σωτηρι- terms in sacrificial context.,Leviticus 3:9,Leviticus,3,9,και προσοισει απο της θυσιας του σωτηριου καρπωμα τω θεω το στεαρ και την οσφυν αμωμον συν ταις ψοαις περιελει αυτο και το στεαρ της κοιλιας,"And from the sacrifice of salvation he shall bring an offering to God: the fat and the unblemished hind-part, he shall remove it with the lower back, and the fat of the belly,",salvation,salvation,43,71
soteria-sacrifice-formula,Cultic σωτηρι- terms in sacrificial context.,Leviticus 4:10,Leviticus,4,10,ον τροπον αφαιρειται απο του μοσχου του της θυσιας του σωτηριου και ανοισει ο ιερευς επι το θυσιαστηριον της καρπωσεως,just as it is removed from the calf of the sacrifice of salvation. And the priest shall offer it on the altar of offering.,salvation,salvation,43,71
soteria-sacrifice-formula,Cultic σωτηρι- terms in sacrificial context.,Leviticus 4:26,Leviticus,4,26,και το παν στεαρ αυτου ανοισει επι το θυσιαστηριον ωσπερ το στεαρ θυσιας σωτηριου και εξιλασεται περι αυτου ο ιερευς απο της αμαρτιας αυτου και αφεθησεται αυτω,"And he shall offer all its fat on the altar, just like the fat of the sacrifice of salvation. And the priest shall make atonement for him for his sin, and it shall be forgiven him.",salvation,salvation,43,71
soteria-sacrifice-formula,Cultic σωτηρι- terms in sacrificial context.,Leviticus 4:31,Leviticus,4,31,και παν το στεαρ περιελει ον τροπον περιαιρειται στεαρ απο θυσιας σωτηριου και ανοισει ο ιερευς επι το θυσιαστηριον εις οσμην ευωδιας κυριω και εξιλασεται περι αυτου ο ιερευς και αφεθησεται αυτω,"And he shall remove all the fat, just as the fat is removed from the sacrifice of salvation, and the priest shall offer it on the altar as an aroma of sweet fragrance to the Lord. And the priest shall make atonement for him, and it shall be forgiven him.",salvation,salvation,43,71
soteria-sacrifice-formula,Cultic σωτηρι- terms in sacrificial context.,Leviticus 4:35,Leviticus,4,35,και παν αυτου το στεαρ περιελει ον τροπον περιαιρειται στεαρ προβατου εκ της θυσιας του σωτηριου και επιθησει αυτο ο ιερευς επι το θυσιαστηριον επι το ολοκαυτωμα κυριου και εξιλασεται περι αυτου ο ιερευς περι της αμαρτιας ης ημαρτεν και αφεθησεται αυτω,"And he shall remove all its fat, just as the fat of a sheep is removed from the sacrifice of salvation, and the priest shall place it on the altar, on the Lord's whole burnt offering. And the priest shall make atonement for him for the sin that he sinned, and it shall be forgiven him.",salvation,salvation,43,71
soteria-sacrifice-formula,Cultic σωτηρι- terms in sacrificial context.,Leviticus 6:5,Leviticus,6,5,και πυρ επι το θυσιαστηριον καυθησεται απ' αυτου και ου σβεσθησεται και καυσει ο ιερευς επ' αυτο ξυλα το πρωι και στοιβασει επ' αυτου την ολοκαυτωσιν και επιθησει επ' αυτο το στεαρ του σωτηριου,"And the fire on the altar shall burn upon it and shall not be extinguished, and the priest shall burn wood on it every morning and stack the whole burnt offering upon it, and he shall place on it the fat of the sacrifice of salvation.",salvation,salvation,43,71
soteria-sacrifice-formula,Cultic σωτηρι- terms in sacrificial context.,Leviticus 7:11,Leviticus,7,11,ουτος ο νομος θυσιας σωτηριου ην προσοισουσιν κυριω,This is the law of the sacrifice of salvation that they shall bring to the Lord.,salvation,salvation,43,71
soteria-sacrifice-formula,Cultic σωτηρι- terms in sacrificial context.,Leviticus 7:13,Leviticus,7,13,επ' αρτοις ζυμιταις προσοισει τα δωρα αυτου επι θυσια αινεσεως σωτηριου,With leavened loaves he shall bring his gifts with the sacrifice of praise of salvation.,salvation,salvation,43,71
soteria-sacrifice-formula,Cultic σωτηρι- terms in sacrificial context.,Leviticus 7:15,Leviticus,7,15,και τα κρεα θυσιας αινεσεως σωτηριου αυτω εσται και εν η ημερα δωρειται βρωθησεται ου καταλειψουσιν απ' αυτου εις το πρωι,"And the flesh of the sacrifice of praise of salvation shall belong to him, and it shall be eaten on the day it is offered. They shall not leave any of it until morning.",salvation,salvation,43,71
soteria-sacrifice-formula,Cultic σωτηρι- terms in sacrificial context.,Leviticus 7:20,Leviticus,7,20,η δε ψυχη ητις εαν φαγη απο των κρεων της θυσιας του σωτηριου ο εστιν κυριου και η ακαθαρσια αυτου επ' αυτου απολειται η ψυχη εκεινη εκ του λαου αυτης,"And the person who eats from the flesh of the sacrifice of salvation, which belongs to the Lord, while his uncleanness is upon him, that person shall perish from his people.",salvation,salvation,43,71
soteria-sacrifice-formula,Cultic σωτηρι- terms in sacrificial context.,Leviticus 7:21,Leviticus,7,21,και ψυχη η αν αψηται παντος πραγματος ακαθαρτου η απο ακαθαρσιας ανθρωπου η των τετραποδων των ακαθαρτων η παντος βδελυγματος ακαθαρτου και φαγη απο των κρεων της θυσιας του σωτηριου ο εστιν κυριου απολειται η ψυχη εκεινη εκ του λαου αυτης,"And if a person touches any unclean thing, whether human uncleanness or unclean quadrupeds or any unclean abomination, and eats from the flesh of the sacrifice of salvation, which belongs to the Lord, that person shall perish from his people.",salvation,salvation,43,71
soteria-sacrifice-formula,Cultic σωτηρι- terms in sacrificial context.,Leviticus 7:29,Leviticus,7,29,και τοις υιοις ισραηλ λαλησεις λεγων ο προσφερων θυσιαν σωτηριου κυριω οισει το δωρον αυτου κυριω απο της θυσιας του σωτηριου,"And you shall speak to the sons of Israel, saying, The one who brings a sacrifice of salvation to the Lord shall bring his gift to the Lord from the sacrifice of salvation.",salvation,salvation,43,71
soteria-sacrifice-formula,Cultic σωτηρι- terms in sacrificial context.,Leviticus 7:32,Leviticus,7,32,και τον βραχιονα τον δεξιον δωσετε αφαιρεμα τω ιερει απο των θυσιων του σωτηριου υμων,And you shall give the right arm as a contribution to the priest from your sacrifices of salvation.,salvation,salvation,43,71
soteria-sacrifice-formula,Cultic σωτηρι- terms in sacrificial context.,Leviticus 7:34,Leviticus,7,34,το γαρ στηθυνιον του επιθεματος και τον βραχιονα του αφαιρεματος ειληφα παρα των υιων ισραηλ απο των θυσιων του σωτηριου υμων και εδωκα αυτα ααρων τω ιερει και τοις υιοις αυτου νομιμον αιωνιον παρα των υιων ισραηλ,"For I have taken the breast of the presentation and the arm of the contribution from the sons of Israel, from your sacrifices of salvation, and I have given them to Aaron the priest and to his sons as an everlasting statute from the sons of Israel.",salvation,salvation,43,71
soteria-sacrifice-formula,Cultic σωτηρι- terms in sacrificial context.,Leviticus 7:37,Leviticus,7,37,ουτος ο νομος των ολοκαυτωματων και θυσιας και περι αμαρτιας και της πλημμελειας και της τελειωσεως και της θυσιας του σωτηριου,"This is the law of the whole burnt offerings and of sacrifice and of the thing for sin and of trespass and of consecration and of the sacrifice of salvation,",salvation,salvation,43,71
soteria-sacrifice-formula,Cultic σωτηρι- terms in sacrificial context.,Leviticus 9:4,Leviticus,9,4,και μοσχον και κριον εις θυσιαν σωτηριου εναντι κυριου και σεμιδαλιν πεφυραμενην εν ελαιω οτι σημερον κυριος οφθησεται εν υμιν,"and a calf and a ram for a sacrifice of salvation before the Lord, and fine flour mixed with oil, because today the Lord will appear among you.",salvation,salvation,43,71
soteria-sacrifice-formula,Cultic σωτηρι- terms in sacrificial context.,Leviticus 9:18,Leviticus,9,18,και εσφαξεν τον μοσχον και τον κριον της θυσιας του σωτηριου της του λαου και προσηνεγκαν οι υιοι ααρων το αιμα προς αυτον και προσεχεεν προς το θυσιαστηριον κυκλω,"And he slaughtered the calf and the ram of the people's sacrifice of salvation, and the sons of Aaron brought the blood to him, and he poured it around on the altar.",salvation,salvation,43,71
soteria-sacrifice-formula,Cultic σωτηρι- terms in sacrificial context.,Leviticus 9:22,Leviticus,9,22,και εξαρας ααρων τας χειρας επι τον λαον ευλογησεν αυτους και κατεβη ποιησας το περι της αμαρτιας και τα ολοκαυτωματα και τα του σωτηριου,"And Aaron, lifting up his hands over the people, blessed them, and he came down after making the sin-offering and the whole burnt offerings and the things of salvation.",salvation,salvation,43,71
soteria-sacrifice-formula,Cultic σωτηρι- terms in sacrificial context.,Leviticus 10:14,Leviticus,10,14,και το στηθυνιον του αφορισματος και τον βραχιονα του αφαιρεματος φαγεσθε εν τοπω αγιω συ και οι υιοι σου και ο οικος σου μετα σου νομιμον γαρ σοι και νομιμον τοις υιοις σου εδοθη απο των θυσιων του σωτηριου των υιων ισραηλ,"And you shall eat the breast of separation and the arm of contribution in a holy place, you and your sons and your house with you, because it has been given as a statute for you and a statute for your sons from the sacrifices of salvation of the sons of Israel.",salvation,salvation,43,71
soteria-sacrifice-formula,Cultic σωτηρι- terms in sacrificial context.,Leviticus 17:4,Leviticus,17,4,και επι την θυραν της σκηνης του μαρτυριου μη ενεγκη ωστε ποιησαι αυτο εις ολοκαυτωμα η σωτηριον κυριω δεκτον εις οσμην ευωδιας και ος αν σφαξη εξω και επι την θυραν της σκηνης του μαρτυριου μη ενεγκη αυτο ωστε μη προσενεγκαι δωρον κυριω απεναντι της σκηνης κυριου και λογισθησεται τω ανθρωπω εκεινω αιμα αιμα εξεχεεν εξολεθρευθησεται η ψυχη εκεινη εκ του λαου αυτης,"and does not bring it to the door of the tent of testimony so as to make it a whole burnt offering or an offering of salvation to the Lord, accepted as an aroma of sweet fragrance, and whoever slaughters it outside and does not bring it to the door of the tent of testimony so as not to bring a gift to the Lord before the Lord's tent, blood shall be reckoned to that man. He has shed blood. That person shall be cut off from his people.",salvation,salvation,43,71
soteria-sacrifice-formula,Cultic σωτηρι- terms in sacrificial context.,Leviticus 17:5,Leviticus,17,5,οπως αναφερωσιν οι υιοι ισραηλ τας θυσιας αυτων οσας αν αυτοι σφαξουσιν εν τοις πεδιοις και οισουσιν τω κυριω επι τας θυρας της σκηνης του μαρτυριου προς τον ιερεα και θυσουσιν θυσιαν σωτηριου τω κυριω αυτα,"So that the sons of Israel may bring their sacrifices that they slaughter in the open fields, and bring them to the Lord at the doors of the tent of testimony, to the priest, and sacrifice them as sacrifices of salvation to the Lord.",salvation,salvation,43,71
soteria-sacrifice-formula,Cultic σωτηρι- terms in sacrificial context.,Leviticus 19:5,Leviticus,19,5,και εαν θυσητε θυσιαν σωτηριου τω κυριω δεκτην υμων θυσετε,"And if you sacrifice a sacrifice of salvation to the Lord, you shall sacrifice it so that you may be accepted.",salvation,salvation,43,71
soteria-sacrifice-formula,Cultic σωτηρι- terms in sacrificial context.,Leviticus 22:21,Leviticus,22,21,και ανθρωπος ος αν προσενεγκη θυσιαν σωτηριου τω κυριω διαστειλας ευχην κατα αιρεσιν η εν ταις εορταις υμων εκ των βουκολιων η εκ των προβατων αμωμον εσται εις δεκτον πας μωμος ουκ εσται εν αυτω,"And if a man brings a sacrifice of salvation to the Lord, fulfilling a vow or as a freewill choice or in your festivals, it shall be unblemished for acceptance, from the cattle or from the sheep. No blemish shall be in it.",salvation,salvation,43,71
soteria-sacrifice-formula,Cultic σωτηρι- terms in sacrificial context.,Leviticus 23:19,Leviticus,23,19,και ποιησουσιν χιμαρον εξ αιγων ενα περι αμαρτιας και δυο αμνους ενιαυσιους εις θυσιαν σωτηριου μετα των αρτων του πρωτογενηματος,"And they shall offer one kid from the goats for sin, and two yearling lambs as a sacrifice of salvation with the loaves of firstfruits.",salvation,salvation,43,71
soteria-sacrifice-formula,Cultic σωτηρι- terms in sacrificial context.,Numbers 6:14,Numbers,6,14,και προσαξει το δωρον αυτου κυριω αμνον ενιαυσιον αμωμον ενα εις ολοκαυτωσιν και αμναδα ενιαυσιαν αμωμον μιαν εις αμαρτιαν και κριον ενα αμωμον εις σωτηριον,"And he shall bring his gift to the Lord: one unblemished year-old male lamb for a whole burnt offering, and one unblemished year-old ewe lamb for a sin offering, and one unblemished ram for a sacrifice of peace,",peace,salvation,43,71
soteria-sacrifice-formula,Cultic σωτηρι- terms in sacrificial context.,Numbers 6:17,Numbers,6,17,και τον κριον ποιησει θυσιαν σωτηριου κυριω επι τω κανω των αζυμων και ποιησει ο ιερευς την θυσιαν αυτου και την σπονδην αυτου,"And he shall make the ram a sacrifice of peace to the Lord with the basket of unleavened bread, and the priest shall make his sacrifice and his libation.",peace,salvation,43,71
soteria-sacrifice-formula,Cultic σωτηρι- terms in sacrificial context.,Numbers 6:18,Numbers,6,18,και ξυρησεται ο ηυγμενος παρα τας θυρας της σκηνης του μαρτυριου την κεφαλην της ευχης αυτου και επιθησει τας τριχας επι το πυρ ο εστιν υπο την θυσιαν του σωτηριου,And the one who vowed shall shave the head of his vow at the doors of the tent of testimony and place the hair of his vow upon the fire that is under the sacrifice of peace.,peace,salvation,43,71
soteria-sacrifice-formula,Cultic σωτηρι- terms in sacrificial context.,Numbers 7:17,Numbers,7,17,και εις θυσιαν σωτηριου δαμαλεις δυο κριους πεντε τραγους πεντε αμναδας ενιαυσιας πεντε τουτο το δωρον ναασσων υιου αμιναδαβ,"and for sacrifice of peace, two cows, five rams, five goats, five yearling ewe lambs. This was the gift of Nahshon son of Amminadab.",peace,salvation,43,71
soteria-sacrifice-formula,Cultic σωτηρι- terms in sacrificial context.,Numbers 7:23,Numbers,7,23,και εις θυσιαν σωτηριου δαμαλεις δυο κριους πεντε τραγους πεντε αμναδας ενιαυσιας πεντε τουτο το δωρον ναθαναηλ υιου σωγαρ,"and for sacrifice of peace, two cows, five rams, five goats, five yearling ewe lambs. This was the gift of Nethanel son of Zuar.",peace,salvation,43,71
soteria-sacrifice-formula,Cultic σωτηρι- terms in sacrificial context.,Numbers 7:29,Numbers,7,29,και εις θυσιαν σωτηριου δαμαλεις δυο κριους πεντε τραγους πεντε αμναδας ενιαυσιας πεντε τουτο το δωρον ελιαβ υιου χαιλων,"and for sacrifice of peace, two cows, five rams, five goats, five yearling ewe lambs. This was the gift of Eliab son of Helon.",peace,salvation,43,71
soteria-sacrifice-formula,Cultic σωτηρι- terms in sacrificial context.,Numbers 7:35,Numbers,7,35,και εις θυσιαν σωτηριου δαμαλεις δυο κριους πεντε τραγους πεντε αμναδας ενιαυσιας πεντε τουτο το δωρον ελισουρ υιου σεδιουρ,"and for sacrifice of peace, two cows, five rams, five goats, five yearling ewe lambs. This was the gift of Elizur son of Shedeur.",peace,salvation,43,71
soteria-sacrifice-formula,Cultic σωτηρι- terms in sacrificial context.,Numbers 7:41,Numbers,7,41,και εις θυσιαν σωτηριου δαμαλεις δυο κριους πεντε τραγους πεντε αμναδας ενιαυσιας πεντε τουτο το δωρον σαλαμιηλ υιου σουρισαδαι,"and for sacrifice of peace, two cows, five rams, five goats, five yearling ewe lambs. This was the gift of Shelumiel son of Zurishaddai.",peace,salvation,43,71
soteria-sacrifice-formula,Cultic σωτηρι- terms in sacrificial context.,Numbers 7:47,Numbers,7,47,και εις θυσιαν σωτηριου δαμαλεις δυο κριους πεντε τραγους πεντε αμναδας ενιαυσιας πεντε τουτο το δωρον ελισαφ υιου ραγουηλ,"and for sacrifice of peace, two cows, five rams, five goats, five yearling ewe lambs. This was the gift of Eliasaph son of Reuel.",peace,salvation,43,71
soteria-sacrifice-formula,Cultic σωτηρι- terms in sacrificial context.,Numbers 7:53,Numbers,7,53,και εις θυσιαν σωτηριου δαμαλεις δυο κριους πεντε τραγους πεντε αμναδας ενιαυσιας πεντε τουτο το δωρον ελισαμα υιου εμιουδ,"and for sacrifice of peace, two cows, five rams, five goats, five yearling ewe lambs. This was the gift of Elishama son of Ammihud.",peace,salvation,43,71
soteria-sacrifice-formula,Cultic σωτηρι- terms in sacrificial context.,Numbers 7:59,Numbers,7,59,και εις θυσιαν σωτηριου δαμαλεις δυο κριους πεντε τραγους πεντε αμναδας ενιαυσιας πεντε τουτο το δωρον γαμαλιηλ υιου φαδασσουρ,"and for sacrifice of peace, two cows, five rams, five goats, five yearling ewe lambs. This was the gift of Gamaliel son of Pedahzur.",peace,salvation,43,71
soteria-sacrifice-formula,Cultic σωτηρι- terms in sacrificial context.,Numbers 7:65,Numbers,7,65,και εις θυσιαν σωτηριου δαμαλεις δυο κριους πεντε τραγους πεντε αμναδας ενιαυσιας πεντε τουτο το δωρον αβιδαν υιου γαδεωνι,"and for sacrifice of peace, two cows, five rams, five goats, five yearling ewe lambs. This was the gift of Abidan son of Gideoni.",peace,salvation,43,71
soteria-sacrifice-formula,Cultic σωτηρι- terms in sacrificial context.,Numbers 7:71,Numbers,7,71,και εις θυσιαν σωτηριου δαμαλεις δυο κριους πεντε τραγους πεντε αμναδας ενιαυσιας πεντε τουτο το δωρον αχιεζερ υιου αμισαδαι,"and for sacrifice of peace, two cows, five rams, five goats, five yearling ewe lambs. This was the gift of Ahiezer son of Ammishaddai.",peace,salvation,43,71
soteria-sacrifice-formula,Cultic σωτηρι- terms in sacrificial context.,Numbers 7:77,Numbers,7,77,και εις θυσιαν σωτηριου δαμαλεις δυο κριους πεντε τραγους πεντε αμναδας ενιαυσιας πεντε τουτο το δωρον φαγαιηλ υιου εχραν,"and for sacrifice of peace, two cows, five rams, five goats, five yearling ewe lambs. This was the gift of Pagiel son of Ocran.",peace,salvation,43,71
soteria-sacrifice-formula,Cultic σωτηρι- terms in sacrificial context.,Numbers 7:83,Numbers,7,83,και εις θυσιαν σωτηριου δαμαλεις δυο κριους πεντε τραγους πεντε αμναδας ενιαυσιας πεντε τουτο το δωρον αχιρε υιου αιναν,"and for sacrifice of peace, two cows, five rams, five goats, five yearling ewe lambs. This was the gift of Ahira son of Enan.",peace,salvation,43,71
soteria-sacrifice-formula,Cultic σωτηρι- terms in sacrificial context.,Numbers 7:88,Numbers,7,88,πασαι αι βοες εις θυσιαν σωτηριου δαμαλεις εικοσι τεσσαρες κριοι εξηκοντα τραγοι εξηκοντα αμναδες εξηκοντα ενιαυσιαι αμωμοι αυτη η εγκαινωσις του θυσιαστηριου μετα το πληρωσαι τας χειρας αυτου και μετα το χρισαι αυτον,"All the cattle for sacrifice of peace were twenty-four cows, sixty rams, sixty goats, sixty unblemished yearling ewe lambs. This was the dedication of the altar after the filling of its hands and after he anointed it.",peace,salvation,43,71
soteria-sacrifice-formula,Cultic σωτηρι- terms in sacrificial context.,Numbers 10:10,Numbers,10,10,και εν ταις ημεραις της ευφροσυνης υμων και εν ταις εορταις υμων και εν ταις νουμηνιαις υμων σαλπιειτε ταις σαλπιγξιν επι τοις ολοκαυτωμασιν και επι ταις θυσιαις των σωτηριων υμων και εσται υμιν αναμνησις εναντι του θεου υμων εγω κυριος ο θεος υμων,"And in the days of your gladness and in your feasts and in your new moons, you shall blow the trumpets over your whole burnt offerings and over the sacrifices of your peace offerings, and it shall be a memorial for you before your God. I am the Lord your God.",peace,salvation,43,71
soteria-sacrifice-formula,Cultic σωτηρι- terms in sacrificial context.,Numbers 15:8,Numbers,15,8,εαν δε απο των βοων ποιητε εις ολοκαυτωμα η εις θυσιαν μεγαλυναι ευχην η εις σωτηριον κυριω,"And if you make from the cattle as a whole burnt offering or as a sacrifice to fulfill a vow or as a peace offering to the Lord,",peace,salvation,43,71
soteria-sacrifice-formula,Cultic σωτηρι- terms in sacrificial context.,Numbers 29:39,Numbers,29,39,ταυτα ποιησετε κυριω εν ταις εορταις υμων πλην των ευχων υμων και τα εκουσια υμων και τα ολοκαυτωματα υμων και τας θυσιας υμων και τας σπονδας υμων και τα σωτηρια υμων,"These things you shall do for the Lord at your feasts, besides your vows and your voluntary offerings and your whole burnt offerings and your sacrifices and your libations and your peace offerings.",peace,salvation,43,71
soteria-sacrifice-formula,Cultic σωτηρι- terms in sacrificial context.,Psalms 49:23,Psalms,49,23,θυσια αινεσεως δοξασει με και εκει οδος η δειξω αυτω το σωτηριον του θεου,"Sacrifice of praise will glorify me, and there is way by which I will show him salvation of God.",salvation,salvation,43,71
