ref,priority_score,importance,checked,scopes,signals,supports,recommendation,confidence,source_tools,observation_summary,fresh_translation,brenton_translation,watch
Exodus 20:24,35,high,1,soteria-sacrifice-formula,lexical_support,salvation-shaped rendering,keep,high,AutoComplete.db WordSense; Bible Word Study; Factbook; recent history,"Local Logos word-sense and Bible Word Study cluster soteria around salvation/deliverance. Peace/well-being appears, but not as the dominant controlling sense.","""You shall make me an altar of earth, and upon it you shall sacrifice your whole burnt offerings and your offerings of salvation, your sheep and your calves. In every place where I cause my name to be called, I will come to you and bless you.""","Ye shall make to me an altar of earth; and upon it ye shall sacrifice your whole burnt-offerings, and your peace-offerings, and your sheep and your calves in every place, where I shall record my name; and I will come to thee and bless thee.",no
Leviticus 4:31,34,high,1,soteria-sacrifice-formula,lexical_support,salvation-shaped rendering,keep,high,AutoComplete.db WordSense; Bible Word Study; Factbook; recent history,"Local Logos word-sense and Bible Word Study cluster soteria around salvation/deliverance. Peace/well-being appears, but not as the dominant controlling sense.","And he shall remove all the fat, just as the fat is removed from the sacrifice of salvation, and the priest shall offer it on the altar as an aroma of sweet fragrance to the Lord. And the priest shall make atonement for him, and it shall be forgiven him.","And he shall take away all the fat, as the fat is taken away from the sacrifice of peace-offering, and the priest shall offer it on the altar for a smell of sweet savour to the Lord; and the priest shall make atonement for him, and his sin shall be forgiven him.",no
2 Chronicles 33:16,31,high,1,soteria-sacrifice-formula,lexical_support,salvation-shaped rendering,keep,high,AutoComplete.db WordSense; Bible Word Study; Factbook; recent history,"Local Logos word-sense and Bible Word Study cluster soteria around salvation/deliverance. Peace/well-being appears, but not as the dominant controlling sense.","And he restored the altar of the Lord and sacrificed upon it a sacrifice of salvation and of praise, and told Iouda to serve the Lord God of Israel.","And he repaired the altar of the Lord, and offered upon it a sacrifice of peace-offering and thank-offering, and he told Juda to serve the Lord God of Israel.",no
Genesis 2:7,28,high,1,into-living-soul-formula,lexical_support,living soul rendering,keep,medium,AutoComplete.db WordSense; milestones/headwords; local index inspection,Local Logos word-sense index exposes soul as a primary sense and separately marks person/inner-person extensions. That supports keeping living soul visible where the formula is textually central.,"And God formed the human from dust of the earth and breathed into his face the breath of life, and the human became a living soul.","And God formed the man of dust of the earth, and breathed upon his face the breath of life, and the man became a living soul.",no
Leviticus 4:35,26,high,1,soteria-sacrifice-formula,lexical_support,salvation-shaped rendering,keep,high,AutoComplete.db WordSense; Bible Word Study; Factbook; recent history,"Local Logos word-sense and Bible Word Study cluster soteria around salvation/deliverance. Peace/well-being appears, but not as the dominant controlling sense.","And he shall remove all its fat, just as the fat of a sheep is removed from the sacrifice of salvation, and the priest shall place it on the altar, on the Lord's whole burnt offering. And the priest shall make atonement for him for the sin that he sinned, and it shall be forgiven him.","And he shall take away all his fat, as the fat of the lamb of the sacrifice of peace-offering is taken away, and the priest shall put it on the altar for a whole-burnt-offering to the Lord; and the priest shall make atonement for him for the sin which he sinned, and it shall be forgiven him.",no
Leviticus 4:26,24,high,1,soteria-sacrifice-formula,lexical_support,salvation-shaped rendering,keep,high,AutoComplete.db WordSense; Bible Word Study; Factbook; recent history,"Local Logos word-sense and Bible Word Study cluster soteria around salvation/deliverance. Peace/well-being appears, but not as the dominant controlling sense.","And he shall offer all its fat on the altar, just like the fat of the sacrifice of salvation. And the priest shall make atonement for him for his sin, and it shall be forgiven him.","And he shall offer up all his fat on the altar, as the fat of the sacrifice of peace-offering; and the priest shall make atonement for him concerning his sin, and it shall be forgiven him.",no
Leviticus 3:1,23,high,1,soteria-sacrifice-formula,lexical_support,salvation-shaped rendering,keep,high,AutoComplete.db WordSense; Bible Word Study; Factbook; recent history,"Local Logos word-sense and Bible Word Study cluster soteria around salvation/deliverance. Peace/well-being appears, but not as the dominant controlling sense.","And if his gift to the Lord is a sacrifice of salvation, if he brings it from the cattle, whether male or female, he shall bring it without blemish before the Lord.","And if his gift to the Lord be a peace-offering, if he should bring it of the oxen, whether it be male or whether it be female, he shall bring it unblemished before the Lord.",no
Joshua 22:23,22,high,1,soteria-sacrifice-formula,lexical_support,salvation-shaped rendering,keep,high,AutoComplete.db WordSense; Bible Word Study; Factbook; recent history,"Local Logos word-sense and Bible Word Study cluster soteria around salvation/deliverance. Peace/well-being appears, but not as the dominant controlling sense.","And if we built for ourselves an altar so as to turn away from the Lord our God, so as to offer on it sacrifices of whole burnt offerings or so as to make on it a sacrifice of salvation, the Lord himself shall require it.","And if we have built to ourselves an altar, so as to apostatize from the Lord our God, so as to offer upon it a sacrifice of whole-burnt-offerings, so as to offer upon it a sacrifice of peace-offering,—the Lord shall require it.",no
Joshua 22:29,22,high,1,soteria-sacrifice-formula,lexical_support,salvation-shaped rendering,keep,high,AutoComplete.db WordSense; Bible Word Study; Factbook; recent history,"Local Logos word-sense and Bible Word Study cluster soteria around salvation/deliverance. Peace/well-being appears, but not as the dominant controlling sense.","May it never be for us to turn away from the Lord in these days, to revolt from the Lord, so as to build for ourselves an altar for offerings and sacrifices of well-being and the sacrifice of salvation besides the altar of the Lord that is before his tent.","Far be it from us therefore that we should turn away from the Lord this day so as to apostatize from the Lord, so as that we should build an altar for burnt-offerings, and for peace-offerings, besides the altar of the Lord which is before his tabernacle.",no
Leviticus 7:11,22,high,1,soteria-sacrifice-formula,lexical_support,salvation-shaped rendering,keep,high,AutoComplete.db WordSense; Bible Word Study; Factbook; recent history,"Local Logos word-sense and Bible Word Study cluster soteria around salvation/deliverance. Peace/well-being appears, but not as the dominant controlling sense.",This is the law of the sacrifice of salvation that they shall bring to the Lord.,"This is the law of the sacrifice of peace-offering, which they shall bring to the Lord.",no
Exodus 28:30,21,high,1,Exodus 28:30,lexical_support,Disclosure and Truth rendering,keep,high,Bible Word Study; linked commentary snippets,"Logos Bible Word Study keeps aletheia anchored at truth and shows delosis in disclosure or declaration language, while linked commentary snippets repeatedly treat the LXX wording as a semantic rendering of Urim and Thummim rather than a preserved transliteration.","And you shall put on the breastpiece of judgments the Disclosure and the Truth, and it shall be on Aaron's chest when he goes into the holy place before the Lord. And Aaron shall bear the judgments of the sons of Israel upon his chest before the Lord continually.","and thou shalt put the two circlets on both the shoulders of the ephod in front. And thou shalt put the Manifestation and the Truth on the oracle of judgment; and it shall be on the breast of Aaron, when he goes into the holy place before the Lord; and Aaron shall bear the judgments of the children of Israel on his breast before the Lord continually.",no
Genesis 1:2,21,high,1,Genesis 1:2,lexical_support,Spirit of God rendering,keep,medium,AutoComplete.db WordSense; recent history; local index inspection,"Local Logos word-sense index distinguishes spirit, Spirit of God, and soul/spirit crossover. That supports reading pneuma Theou here as Spirit, not mere wind.","Now the earth was unseen and unformed, darkness was over the abyss, and the Spirit of God moved over the water.","But the earth was unsightly and unfurnished, and darkness was over the deep, and the Spirit of God moved over the water.",no
Numbers 6:14,20,high,1,soteria-sacrifice-formula,lexical_support,salvation-shaped rendering,keep,high,AutoComplete.db WordSense; Bible Word Study; Factbook; recent history,"Local Logos word-sense and Bible Word Study cluster soteria around salvation/deliverance. Peace/well-being appears, but not as the dominant controlling sense.","And he shall bring his gift to the Lord: one unblemished year-old male lamb for a whole burnt offering, and one unblemished year-old ewe lamb for a sin offering, and one unblemished ram for a sacrifice of peace,","And he shall bring his gift to the Lord; one he-lamb of a year old without blemish for a whole-burnt-offering, and one ewe-lamb of a year old without blemish for a sin-offering, and one ram without blemish for a peace-offering;",no
Numbers 6:18,20,high,1,soteria-sacrifice-formula,lexical_support,salvation-shaped rendering,keep,high,AutoComplete.db WordSense; Bible Word Study; Factbook; recent history,"Local Logos word-sense and Bible Word Study cluster soteria around salvation/deliverance. Peace/well-being appears, but not as the dominant controlling sense.",And the one who vowed shall shave the head of his vow at the doors of the tent of testimony and place the hair of his vow upon the fire that is under the sacrifice of peace.,"And he that has vowed shall shave the head of his consecration by the doors of the tabernacle of witness, and shall put the hairs on the fire which is under the sacrifice of peace-offering.",no
Judges 21:4,18,high,1,soteria-sacrifice-formula,lexical_support,salvation-shaped rendering,keep,high,AutoComplete.db WordSense; Bible Word Study; Factbook; recent history,"Local Logos word-sense and Bible Word Study cluster soteria around salvation/deliverance. Peace/well-being appears, but not as the dominant controlling sense.","And it came to be on the next day, the people rose early and built there an altar and offered whole burnt offerings of salvation.","And it came to pass on the morrow that the people rose up early, and built there an altar, and offered up whole-burnt-offerings and peace-offerings.",no
Jonah 2:10,17,high,1,soteria-sacrifice-formula,lexical_support,salvation-shaped rendering,keep,high,AutoComplete.db WordSense; Bible Word Study; Factbook; recent history,"Local Logos word-sense and Bible Word Study cluster soteria around salvation/deliverance. Peace/well-being appears, but not as the dominant controlling sense.","But I, with a voice of praise and confession, will sacrifice to you. Whatever I vowed I will repay to you. Salvation belongs to the Lord.",,no
