ref,book_name,chapter,verse,importance,priority_score,decision_count,footnote_count,nt_parallel_count,nt_parallel_weight,nt_parallel_refs,crossref_top_vote,crossref_nt_count,crossref_shared_family_hits,english_witness_checked,english_witness_fresh_support,english_witness_brenton_support,english_witness_mt_support,english_witness_differs_all,english_witness_split_or_mixed,english_witness_signals,english_witness_recommendation,keyword_hits,reasons,fresh_translation,brenton_translation,gate_reason
Exodus 20:24,Exodus,20,24,high,31,2,2,3,3,"Acts 15:17, James 2:7, Romans 2:17",43,0,4,0,0,0,0,0,0,,,"altar, name, peace, sacrifice, salvation","decisions=2; footnotes=2; importance=high; keywords=altar, name, peace, sacrifice, salvation; nt=Acts 15:17, James 2:7, Romans 2:17; crossref_top_vote=43; crossref_shared_family=4","""You shall make me an altar of earth, and upon it you shall sacrifice your whole burnt offerings and your offerings of salvation, your sheep and your calves. In every place where I cause my name to be called, I will come to you and bless you.""","Ye shall make to me an altar of earth; and upon it ye shall sacrifice your whole burnt-offerings, and your peace-offerings, and your sheep and your calves in every place, where I shall record my name; and I will come to thee and bless thee.",nt=3; score=31
Deuteronomy 12:21,Deuteronomy,12,21,medium,16,0,0,3,3,"Acts 15:17, James 2:7, Romans 2:17",3,0,6,0,0,0,0,0,0,,,"god, lord, name, soul","importance=medium; keywords=god, lord, name, soul; nt=Acts 15:17, James 2:7, Romans 2:17; crossref_top_vote=3; crossref_shared_family=6","And if the place that the Lord your God chooses for his name to be called there is farther from you, then you shall slaughter from your cattle and from your sheep that God gave you, in the way I commanded you, and you shall eat in your cities according to the desire of your soul.","And if the place be far from thee, which the Lord thy God shall choose for himself, that his name be called upon it, then thou shalt kill of thy herd and of thy flock which God shall have given thee, even as I commanded thee, and thou shalt eat in thy cities according to the desire of thy soul.",nt=3; score=16
Deuteronomy 16:2,Deuteronomy,16,2,low,16,0,0,3,3,"Acts 15:17, James 2:7, Romans 2:17",5,5,2,0,0,0,0,0,0,,,"god, lord, name, sacrifice","importance=low; keywords=god, lord, name, sacrifice; nt=Acts 15:17, James 2:7, Romans 2:17; crossref_top_vote=5; crossref_shared_family=2","And you shall sacrifice the Passover to the Lord your God, sheep and cattle, in the place that the Lord your God chooses for his name to be called there.","And thou shalt sacrifice the passover to the Lord thy God, sheep and oxen in the place which the Lord thy God shall choose to have his name called upon it.",nt=3; score=16
Zechariah 13:9,Zechariah,13,9,low,15,0,0,4,3,"Acts 2:21, Romans 10:13, 1 Corinthians 1:2, 2 Timothy 2:22",132,2,0,0,0,0,0,0,0,,,"god, lord, name","importance=low; keywords=god, lord, name; nt=Acts 2:21, Romans 10:13, 1 Corinthians 1:2, 2 Timothy 2:22; crossref_top_vote=132","And I will bring third through fire and refine them as silver is refined and test them as gold is tested. He will call on my name, and I will hear him, and I will say, This is my people, and he will say, Lord is my God.",,nt=4; score=15
2 Chronicles 12:13,2 Chronicles,12,13,medium,14,0,0,3,3,"Acts 15:17, James 2:7, Romans 2:17",5,0,3,0,0,0,0,0,0,,,"king, lord, name","importance=medium; keywords=king, lord, name; nt=Acts 15:17, James 2:7, Romans 2:17; crossref_top_vote=5; crossref_shared_family=3","And Roboam was strengthened in Ierousalem and reigned. Roboam was forty-one years old when he reigned, and he reigned seventeen years in Ierousalem, in city which Lord chose to name his name there from all tribes of sons of Israel, and name of his mother was Noomma the Ammonite.","So king Roboam strengthened himself in Jerusalem, and reigned: and Roboam was forty and one years old when he began to reign, and he reigned seventeen years in Jerusalem, in the city which the Lord chose out of all the tribes of the children of Israel to call his name there: and his mother's name was Noomma the Ammanitess.",nt=3; score=14
2 Chronicles 7:14,2 Chronicles,7,14,low,13,0,0,2,3,"Acts 15:17, James 2:7",297,1,0,0,0,0,0,0,0,,,"name, repent","importance=low; keywords=name, repent; nt=Acts 15:17, James 2:7; crossref_top_vote=297","and my people upon whom my name has been called are put to shame, and they pray and seek my face and turn from their evil ways, then I will hear from heaven and be merciful to their sins and heal their land.","then if my people, on whom my name is called, should repent, and pray, and seek my face, and turn from their evil ways, I also will hear from heaven, and I will be merciful to their sins, and I will heal their land.",nt=2; score=13
Amos 9:12,Amos,9,12,low,13,0,0,2,3,"Acts 15:17, James 2:7",7,1,1,0,0,0,0,0,0,,,"god, lord, name","importance=low; keywords=god, lord, name; nt=Acts 15:17, James 2:7; crossref_top_vote=7; crossref_shared_family=1","so that remnant of men and all nations upon whom my name was called upon them may seek, says Lord God who does these things.",,nt=2; score=13
Jeremiah 15:16,Jeremiah,15,16,low,13,0,0,2,3,"Acts 15:17, James 2:7",549,1,0,0,0,0,0,0,0,,,"lord, name","importance=low; keywords=lord, name; nt=Acts 15:17, James 2:7; crossref_top_vote=549","By those rejecting your words, consume them. And your word will be to me joy and gladness of my heart, because your name is called upon me, Lord Almighty.",,nt=2; score=13
Jeremiah 14:9,Jeremiah,14,9,medium,12,0,0,2,3,"Acts 15:17, James 2:7",5,1,1,0,0,0,0,0,0,,,"lord, name","importance=medium; keywords=lord, name; nt=Acts 15:17, James 2:7; crossref_top_vote=5; crossref_shared_family=1","Do not be like sleeping man or like man unable to save. And you are in us, Lord, and your name is called upon us; do not forget us.",,nt=2; score=12
