source_file,line_number,section_hint,ref_hint,greek_char_count,raw_line,next_review
data/raw/1_enoch_charles_1912_djvu.txt,7936,translation and notes,1 Enoch 7,53,ἐκλεκτοῖς ἔσται φῶς καὶ χάρις καὶ εἰρήνη and 18 καὶ ἐπὶ τοὺς ἐκλεκτοὺς,High-density Greek OCR line; verify against page image/PDF before source-row import.
data/raw/1_enoch_charles_1912_djvu.txt,7939,translation and notes,1 Enoch 7,41,ἔσται συντήρησις καὶ ἐπ᾽ αὐτοὺς γενήσεται ἔλεος and Wisd. 418,High-density Greek OCR line; verify against page image/PDF before source-row import.
data/raw/1_enoch_charles_1912_djvu.txt,10931,translation and notes,1 Enoch 16:2,40,tened. G*E have here ἐθορύβαζον = ἐξῆλθεν παρὰ Κυρίου καὶ ἐξεπέρασεν.,High-density Greek OCR line; verify against page image/PDF before source-row import.
data/raw/1_enoch_charles_1912_djvu.txt,31436,translation and notes,1 Enoch 96,43,— κοα ἐπαν...............ϑὕὍὌὃ0...ΨΨΧὍΧὍὕὃὕ0ὅϑὕὕϑθὕϑ«0ἀἐἁστ΄τσττστον,High-density Greek OCR line; verify against page image/PDF before source-row import.
data/raw/1_enoch_charles_1912_djvu.txt,34673,translation and notes,1 Enoch 1,48,"I. Λόγος εὐλογίας Ενώχ, καθὼς εὐλόγησεν ἐκλεκτοὺς δικαίους",High-density Greek OCR line; verify against page image/PDF before source-row import.
data/raw/1_enoch_charles_1912_djvu.txt,34676,translation and notes,1 Enoch 1,51,"τινες ἔσονται εἰς ἡμέραν ἀνάγκης ἐξᾶραι 1 πάντας τοὺς ἐχθρούς 3,",High-density Greek OCR line; verify against page image/PDF before source-row import.
data/raw/1_enoch_charles_1912_djvu.txt,34680,translation and notes,1 Enoch 1,41,"| 2. Καὶ ἀναλαβὼν τὴν παραβολὴν αὐτοῦ εἶπεν' ‘Evox, ἄνθρωπος",High-density Greek OCR line; verify against page image/PDF before source-row import.
data/raw/1_enoch_charles_1912_djvu.txt,34682,translation and notes,1 Enoch 1,46,"καιος, ἔστιν * ὅρασις ὃ ἐκ θεοῦ αὐτῷ ἀνεῳγμένη, ἦν ® ἔχων Ὁ 7 τὴν",High-density Greek OCR line; verify against page image/PDF before source-row import.
data/raw/1_enoch_charles_1912_djvu.txt,34683,translation and notes,1 Enoch 1,47,"ρασιν τοῦ ἁγίου *xal τοῦ οὐρανοῦ ὃ, + ἔδειξέν μοι"" Γκαὶ ἁγιολόγων",High-density Greek OCR line; verify against page image/PDF before source-row import.
data/raw/1_enoch_charles_1912_djvu.txt,34695,translation and notes,1 Enoch 1,42,[Καὶ] ἐξελεύσεται ὁ ἅγιός Ἷ μου 7 12 ὁ μέγας ἐκ τῆς κατοική-,High-density Greek OCR line; verify against page image/PDF before source-row import.
data/raw/1_enoch_charles_1912_djvu.txt,34702,translation and notes,1 Enoch 1,50,καὶ φανήσεται ἐν τῇ δυνάμει τῆς ἰσχύος αὐτοῦ ἀπὸ τοῦ οὐρανοῦ,High-density Greek OCR line; verify against page image/PDF before source-row import.
data/raw/1_enoch_charles_1912_djvu.txt,34753,translation and notes,1 Enoch 1,46,καὶ σεισθήσονται [καὶ πεσοῦνται καὶ διαλυθήσονται] ὄρη own,High-density Greek OCR line; verify against page image/PDF before source-row import.
data/raw/1_enoch_charles_1912_djvu.txt,34762,translation and notes,1 Enoch 1,44,καὶ λήμψεται αὐτοὺς τρόμος καὶ φόβος μέγας μέχρι τῶν nena,High-density Greek OCR line; verify against page image/PDF before source-row import.
data/raw/1_enoch_charles_1912_djvu.txt,34766,translation and notes,1 Enoch 1,45,καὶ ταπεινωθήσονται βουνοὶ ὑψηλοὶ [τοῦ διαρυῆναι ὄρη ],High-density Greek OCR line; verify against page image/PDF before source-row import.
data/raw/1_enoch_charles_1912_djvu.txt,34767,translation and notes,1 Enoch 1,43,καὶ τακήσονται ὡς κηρὸς ἀπὸ προσώπου πυρὸς [ἐν φλογί],High-density Greek OCR line; verify against page image/PDF before source-row import.
data/raw/1_enoch_charles_1912_djvu.txt,34778,translation and notes,1 Enoch 1,40,"καὶ ἐπὶ τοὺς ἐκλεκτοὺς ἔσται συντήρησις ‘Kal εἰρήνη"",",High-density Greek OCR line; verify against page image/PDF before source-row import.
data/raw/1_enoch_charles_1912_djvu.txt,34892,translation and notes,1 Enoch 1,43,ἂν Adyov'® κατ᾽ αὐτοῦ ἁμαρτω- σκληρῶν ὧν ἐλάλησαν κατ᾽ αὐτοῦ,High-density Greek OCR line; verify against page image/PDF before source-row import.
data/raw/1_enoch_charles_1912_djvu.txt,34962,translation and notes,1 Enoch 1,50,"τῶν ἔργων τῶν ἐν αὐτῇ γινομένων ἀπ᾽ ἀρχῆς μέχρι τελειώσεως, ᾿ OS",High-density Greek OCR line; verify against page image/PDF before source-row import.
data/raw/1_enoch_charles_1912_djvu.txt,34963,translation and notes,1 Enoch 1,51,"εἰσιν φθαρτά,""3 ὡς οὐκ ἀλλοιοῦται ὃ Γοὐδὲν τῶν ἐπὶ γῆς, ἀλλὰ"" πάντι",High-density Greek OCR line; verify against page image/PDF before source-row import.
data/raw/1_enoch_charles_1912_djvu.txt,34964,translation and notes,1 Enoch 1,48,"ἔργα θεοῦ ὑμῖν"" φαίνεται. 3. ἴδετε τὴν θερείαν καὶ τὸν χειμῶνι",High-density Greek OCR line; verify against page image/PDF before source-row import.
data/raw/1_enoch_charles_1912_djvu.txt,34967,translation and notes,1 Enoch 5,41,V. . 2. πῶς τὰ φύλλα χλωρὰ ἐν αὐτοῖς σκέποντα τὰ δένδρα κα,High-density Greek OCR line; verify against page image/PDF before source-row import.
data/raw/1_enoch_charles_1912_djvu.txt,34968,translation and notes,1 Enoch 5,42,[πᾶς] Ἐ ὁ καρπὸς αὐτῶν 5 [εἰς τιμὴν καὶ δόξαν.] διανοήθητε ‘xa,High-density Greek OCR line; verify against page image/PDF before source-row import.
data/raw/1_enoch_charles_1912_djvu.txt,34969,translation and notes,1 Enoch 5,45,"γνῶτε! περὶ πάντων “tov ἔργων"" αὐτοῦ, καὶ νοήσατε ὅτι [θεὸς ζῶν",High-density Greek OCR line; verify against page image/PDF before source-row import.
data/raw/1_enoch_charles_1912_djvu.txt,34970,translation and notes,1 Enoch 5,41,"ἐποίησεν αὐτὰ οὕτως 7, * καὶ ζῇ ὃ εἰς πάντας τοὺς αἰῶνα"" 2,",High-density Greek OCR line; verify against page image/PDF before source-row import.
data/raw/1_enoch_charles_1912_djvu.txt,34971,translation and notes,1 Enoch 5,52,"τὰ ἔργα αὐτοῦ ἵπάντα [ὅσα ἐποίησεν], εἰς τοὺς αἰῶνας ' ἀπὸ ἐνιαυτοὶ",High-density Greek OCR line; verify against page image/PDF before source-row import.
data/raw/1_enoch_charles_1912_djvu.txt,34974,translation and notes,1 Enoch 5,50,"εἰς ἐνιαυτὸν γινόμενα ἵπάντα οὕτως."" καὶ πάντα ὅσα ἀποτελοῦσ",High-density Greek OCR line; verify against page image/PDF before source-row import.
data/raw/1_enoch_charles_1912_djvu.txt,34975,translation and notes,1 Enoch 5,50,"αὐτῷ τὰ ἔργα, καὶ οὐκ ἀλλοιοῦνται Γαὐτῶν τὰ ἔργα, ἀλλ᾽ ὡσπερεὶ",High-density Greek OCR line; verify against page image/PDF before source-row import.
data/raw/1_enoch_charles_1912_djvu.txt,34978,translation and notes,1 Enoch 5,43,κατὰ ἐπιταγὴν ὃ τὰ πάντα γίνεται. 8. ἴδετε πῶς ἡ θάλασσα KE,High-density Greek OCR line; verify against page image/PDF before source-row import.
data/raw/1_enoch_charles_1912_djvu.txt,34983,translation and notes,1 Enoch 5,47,"οἱ ποταμοὶ ὡς ὁμοίως ἀποτελοῦσιν, ‘Kal οὐκ ἀλλοιοῦσιν"" αὐτῶν τ'",High-density Greek OCR line; verify against page image/PDF before source-row import.
data/raw/1_enoch_charles_1912_djvu.txt,34987,translation and notes,1 Enoch 5,46,4. Ὑμεῖς δὲ οὐκ ἐνεμείνατε οὐδὲ ἐποιήσατε κατὰ τὰς ἐντολὰ,High-density Greek OCR line; verify against page image/PDF before source-row import.
data/raw/1_enoch_charles_1912_djvu.txt,34989,translation and notes,1 Enoch 5,51,"ἀλλὰ ἀπέστητε, καὶ κατελαλήσατε μεγάλους καὶ σκληροὺς λόγου:",High-density Greek OCR line; verify against page image/PDF before source-row import.
data/raw/1_enoch_charles_1912_djvu.txt,34991,translation and notes,1 Enoch 5,46,ἐν στόματι ἀκαθαρσίὰς ὑμῶν κατὰ τῆς μεγαλοσύνης αὐτοῦ. [6,High-density Greek OCR line; verify against page image/PDF before source-row import.
data/raw/1_enoch_charles_1912_djvu.txt,35011,translation and notes,1 Enoch 5,48,"θα. Τότε ἔσται"" τὰ ὀνόματα ὑμῶν εἰς κατάραν αἰώνιον πᾶσιν το",High-density Greek OCR line; verify against page image/PDF before source-row import.
data/raw/1_enoch_charles_1912_djvu.txt,35082,translation and notes,1 Enoch 6,42,"6. ‘kal πάντες} οἱ ἁμαρτωλοὶ Γκαὶ ἀσεβεῖς"" ἐν ὑμῖν ὀμοῦνται,",High-density Greek OCR line; verify against page image/PDF before source-row import.
data/raw/1_enoch_charles_1912_djvu.txt,35095,translation and notes,1 Enoch 6,44,"ἢ, καὶ πᾶσιν ὑμῖν τοῖς ἁμαρτωλοῖς οὐχ ὑπάρξει σωτηρία",High-density Greek OCR line; verify against page image/PDF before source-row import.
data/raw/1_enoch_charles_1912_djvu.txt,35100,translation and notes,1 Enoch 6,41,"καὶ τοῖς ἐκλεκτοῖς ἔσται φῶς καὶ χάρις καὶ εἰρήνη,",High-density Greek OCR line; verify against page image/PDF before source-row import.
data/raw/1_enoch_charles_1912_djvu.txt,35107,translation and notes,1 Enoch 6,44,καὶ πάντες οὗτοι ζήσονται καὶ οὐ μὴ ἁμαρτήσονται ἔτι,High-density Greek OCR line; verify against page image/PDF before source-row import.
data/raw/1_enoch_charles_1912_djvu.txt,35109,translation and notes,1 Enoch 6,45,Γκαὶ ἔσται ἐν ἀνθρώπῳ πεφωτισμένῳ φῶς καὶ ἀνθρώπῳ ἐπι-,High-density Greek OCR line; verify against page image/PDF before source-row import.
data/raw/1_enoch_charles_1912_djvu.txt,36508,translation and notes,1 Enoch 10,49,"ἀδικίαν πᾶσαν ἀπὸ τῆς γῆς, καὶ πᾶν ἔργον πονηρίας ἐκλειπέτω,",High-density Greek OCR line; verify against page image/PDF before source-row import.
data/raw/1_enoch_charles_1912_djvu.txt,36532,translation and notes,1 Enoch 10,47,15. ᾿Απόλεσον πάντα τὰ πνεύματα τῶν κιβδήλων καὶ τοὺς υἱοὺς,High-density Greek OCR line; verify against page image/PDF before source-row import.
data/raw/1_enoch_charles_1912_djvu.txt,36538,translation and notes,1 Enoch 10,51,ἀναφανήτω τὸ φυτὸν τῆς δικαιοσύνης καὶ τῆς ἀληθείας: εἰς τοὺς,High-density Greek OCR line; verify against page image/PDF before source-row import.
data/raw/1_enoch_charles_1912_djvu.txt,36546,translation and notes,1 Enoch 10,48,"| καὶ πᾶσαι αἱ ἡμέραι νεότητος αὐτῶν, καὶ ἡ τὰ σάββατα αὐτῶν ὃ",High-density Greek OCR line; verify against page image/PDF before source-row import.
data/raw/1_enoch_charles_1912_djvu.txt,36550,translation and notes,1 Enoch 10,47,"18, τότε ἐργασθήσεται πᾶσα ἡ γῆ ἐν δικαιοσύνῃ καὶ καταφυτευ-",High-density Greek OCR line; verify against page image/PDF before source-row import.
data/raw/1_enoch_charles_1912_djvu.txt,36553,translation and notes,1 Enoch 10,40,"σεται * δένδρον ἐν αὐτῇ 4, καὶ πλησθήσεται εὐλογίας.",High-density Greek OCR line; verify against page image/PDF before source-row import.
data/raw/1_enoch_charles_1912_djvu.txt,36559,translation and notes,1 Enoch 10,50,"ἐσόνται φυτεύοντες ἀμπέλους, (κ)αὶ ἡ ἄμπελος ἣν ἂν φυτεύσωσιν,",High-density Greek OCR line; verify against page image/PDF before source-row import.
data/raw/1_enoch_charles_1912_djvu.txt,36565,translation and notes,1 Enoch 10,45,"; α τὰ δένδρα τῆς γῆς ἀγαλλιάσονται ἡ ὃ φυτευθήσεται, καὶ",High-density Greek OCR line; verify against page image/PDF before source-row import.
data/raw/1_enoch_charles_1912_djvu.txt,36580,translation and notes,1 Enoch 10,51,αθάρισον τὴν γῆν ἀπὸ πάσης ἀκαθαρσίας ἴ καὶ ἀπὸ πάσης ἀδικίας,High-density Greek OCR line; verify against page image/PDF before source-row import.
data/raw/1_enoch_charles_1912_djvu.txt,36599,translation and notes,1 Enoch 10,44,2. καὶ καθαρισθήσεται 'raca! ἡ γῆ ἀπὸ παντὸς μιάσματος καὶ ἀπὸ,High-density Greek OCR line; verify against page image/PDF before source-row import.
data/raw/1_enoch_charles_1912_djvu.txt,36603,translation and notes,1 Enoch 10,48,"σὴς ἀκαθαρσίας καὶ ὀργῆς καὶ μάστιγος, καὶ οὐκέτι πέμψω ἐπ",High-density Greek OCR line; verify against page image/PDF before source-row import.
data/raw/1_enoch_charles_1912_djvu.txt,36612,translation and notes,1 Enoch 10,56,λα ρεύοντες οἱ λαοὶ καὶ εὐλογοῦντες πάντες ἐμοὶ καὶ προσκυνοῦντες.,High-density Greek OCR line; verify against page image/PDF before source-row import.
data/raw/1_enoch_charles_1912_djvu.txt,36625,translation and notes,1 Enoch 11,50,"ἴα τῆς εὐλογίας τὰ ὄντα ἐν τῷ οὐρανῷ, καὶ κατενεγκεῖν αὐτὰ 19 ἐπὶ",High-density Greek OCR line; verify against page image/PDF before source-row import.
data/raw/1_enoch_charles_1912_djvu.txt,36663,translation and notes,1 Enoch 11,43,"τὰ ἔργα, ἐπὶ τὸν κόπον τῶν υἱῶν τῶν ἀνθρώπων. 2. καὶ ἵτότε",High-density Greek OCR line; verify against page image/PDF before source-row import.
data/raw/1_enoch_charles_1912_djvu.txt,36664,translation and notes,1 Enoch 11,54,* ἀλήθεια καὶ εἰρήνη ᾿ κοινωνήσουσιν ὁμοῦ εἰς πάσας τὰς ἡμέρας τοῦ,High-density Greek OCR line; verify against page image/PDF before source-row import.
data/raw/1_enoch_charles_1912_djvu.txt,36666,translation and notes,1 Enoch 11,41,"ΧΙ, Πρὸ τούτων τῶν λόγων ἐλήμφθη, Ἔν, καὶ οὐδεὶς ὃ τῶν",High-density Greek OCR line; verify against page image/PDF before source-row import.
data/raw/1_enoch_charles_1912_djvu.txt,36667,translation and notes,1 Enoch 11,40,ἈΘΡΌΩΣ ἔγνω ποῦ ig καὶ ποῦ ἐστιν καὶ τί ἐγένετο αὐτῷ.,High-density Greek OCR line; verify against page image/PDF before source-row import.
data/raw/1_enoch_charles_1912_djvu.txt,36668,translation and notes,1 Enoch 11,46,"2. καὶ τὰ ἔργα αὐτοῦ ὁ μετὰ τῶν ἐγρηγόρων, καὶ μετὰ τῶν ἁγίων Fa",High-density Greek OCR line; verify against page image/PDF before source-row import.
data/raw/1_enoch_charles_1912_djvu.txt,36669,translation and notes,1 Enoch 11,46,"ἡμέραι ὃ αὐτοῦ. 8, Καὶ ἑστὼς ἤμην"" “Ενὼχ εὐλογῶν τῷ κυρίῳϑ τῆς",High-density Greek OCR line; verify against page image/PDF before source-row import.
data/raw/1_enoch_charles_1912_djvu.txt,36670,translation and notes,1 Enoch 11,47,"μεγαλοσύνης, τῷ βασιλεῖ τῶν αἰώνων. καὶ ἰδοὺ οἱ ἐγρήγοροι ‘rod",High-density Greek OCR line; verify against page image/PDF before source-row import.
data/raw/1_enoch_charles_1912_djvu.txt,36671,translation and notes,1 Enoch 11,41,"ἁγίου τοῦ μεγάλου"" ἐκάλουν pe Ἑνώχ Ἷ,...,. 4. ὁ γραμματεὺς τῆς",High-density Greek OCR line; verify against page image/PDF before source-row import.
data/raw/1_enoch_charles_1912_djvu.txt,36672,translation and notes,1 Enoch 11,56,δικαιοσύνης «Πορεύου καὶ εἰπὲ τοῖς ἐγρηγόροις τοῦ οὐρανοῦ οἵτινες,High-density Greek OCR line; verify against page image/PDF before source-row import.
data/raw/1_enoch_charles_1912_djvu.txt,36674,translation and notes,1 Enoch 11,52,"ἀπολιπόντες τὸν οὐρανὸν τὸν ὑψηλὸν, τὸ ἁγίασμα τῆς στάσεως τοῦ",High-density Greek OCR line; verify against page image/PDF before source-row import.
data/raw/1_enoch_charles_1912_djvu.txt,36675,translation and notes,1 Enoch 11,51,"αἰῶνος, μετὰ τῶν γυναικῶν ἐμιάνθησαν, καὶ ὥσπερ οἱ υἱοὶ τῆς γῆς",High-density Greek OCR line; verify against page image/PDF before source-row import.
data/raw/1_enoch_charles_1912_djvu.txt,36677,translation and notes,1 Enoch 11,54,"ποιοῦσιν, οὕτως καὶ αὐτοὶ ποιοῦσιν ὃ, καὶ ἔλαβον ἑαυτοῖς γυναῖκας""",High-density Greek OCR line; verify against page image/PDF before source-row import.
data/raw/1_enoch_charles_1912_djvu.txt,36678,translation and notes,1 Enoch 11,48,"ἀφανισμὸν μέγαν Τκατηφανίσατε τὴν γῆν, 5. καὶ οὐκ ἔσται ὑμῖν 1""",High-density Greek OCR line; verify against page image/PDF before source-row import.
data/raw/1_enoch_charles_1912_djvu.txt,36680,translation and notes,1 Enoch 11,49,"εἰρήνη οὔτε ἄφεσις. καὶ περὶ ὧν χαίρουσιν τῶν υἱῶν αὐτῶν 1', 6, τὸν",High-density Greek OCR line; verify against page image/PDF before source-row import.
data/raw/1_enoch_charles_1912_djvu.txt,36682,translation and notes,1 Enoch 11,50,"φόνον τῶν ἀγαπητῶν αὐτῶν ὄψονται, καὶ ἐπὶ τῇ ἀπωλείᾳ τῶν υἱῶν",High-density Greek OCR line; verify against page image/PDF before source-row import.
data/raw/1_enoch_charles_1912_djvu.txt,36684,translation and notes,1 Enoch 11,45,"αὐτῶν στενάξουσιν Kal δεηθήσονται eis τὸν αἰῶνα, καὶ οὐκ ἔστα",High-density Greek OCR line; verify against page image/PDF before source-row import.
data/raw/1_enoch_charles_1912_djvu.txt,36687,translation and notes,1 Enoch 13,46,"εἰρήνη. κρίμα μέγα ἐξῆλθεν κατὰ σοῦ δῆσαί σε, 2. καὶ ἀνοχὴ κα",High-density Greek OCR line; verify against page image/PDF before source-row import.
data/raw/1_enoch_charles_1912_djvu.txt,36689,translation and notes,1 Enoch 13,55,ἐρώτησίς σοι οὐκ ἔσται περὶ ὧν ἔδειξας ἀδικημάτων καὶ περὶ πάντων,High-density Greek OCR line; verify against page image/PDF before source-row import.
data/raw/1_enoch_charles_1912_djvu.txt,36690,translation and notes,1 Enoch 13,49,"τῶν ἔργων τῶν ἀσεβειῶν καὶ τῆς ἀδικίας καὶ τῆς ἁμαρτίας, ὅσα",High-density Greek OCR line; verify against page image/PDF before source-row import.
data/raw/1_enoch_charles_1912_djvu.txt,36694,translation and notes,1 Enoch 13,49,"3. Τότε πορευθεὶς εἴρηκα. πᾶσιν αὐτοῖς, καὶ αὐτοὶ πάντες ἐφοβή-",High-density Greek OCR line; verify against page image/PDF before source-row import.
data/raw/1_enoch_charles_1912_djvu.txt,36695,translation and notes,1 Enoch 13,45,"θησαν, καὶ ἔλαβεν αὐτοὺς τρόμος καὶ φόβος. 4, καὶ ἠρώτησαν 4",High-density Greek OCR line; verify against page image/PDF before source-row import.
data/raw/1_enoch_charles_1912_djvu.txt,36722,translation and notes,1 Enoch 13,49,"ὅπως γράψω αὐτοῖς ὑπομνήματα ἐρωτήσεως, ἵνα yevnrat! αὐτοῖς ἄφεσις,",High-density Greek OCR line; verify against page image/PDF before source-row import.
data/raw/1_enoch_charles_1912_djvu.txt,36727,translation and notes,1 Enoch 13,50,"“καὶ ἵνα ἐγὼ ἀναγνῶ "" αὐτοῖς τὸ ὑπόμνημα τῆς ἐρωτήσεως ἐνώπιον",High-density Greek OCR line; verify against page image/PDF before source-row import.
data/raw/1_enoch_charles_1912_djvu.txt,36741,translation and notes,1 Enoch 13,49,"ζυρίου τοῦ οὐρανοῦ, 5. ὅτι αὐτοὶ οὐκέτι δύνανται λαλῆσαι, οὐδὲ",High-density Greek OCR line; verify against page image/PDF before source-row import.
data/raw/1_enoch_charles_1912_djvu.txt,36742,translation and notes,1 Enoch 13,46,pees αὐτῶν τοὺς ὀφθαλμοὺς εἰς τὸν οὐρανὸν ἀπὸ αἰσχύνης * περὶ,High-density Greek OCR line; verify against page image/PDF before source-row import.
data/raw/1_enoch_charles_1912_djvu.txt,36743,translation and notes,1 Enoch 13,49,y ἡμαρτήκεισαν καὶ κατεκρίθησαν ὃ. 6. Τότε ἔγραψα τὸ ἀἠρίρμλμν,High-density Greek OCR line; verify against page image/PDF before source-row import.
data/raw/1_enoch_charles_1912_djvu.txt,36744,translation and notes,1 Enoch 13,51,tis ἐρωτήσεως αὐτῶν καὶ τὰς δεήσεις περὶ τῶν πνευμάτων αὐτῶν καὶ,High-density Greek OCR line; verify against page image/PDF before source-row import.
data/raw/1_enoch_charles_1912_djvu.txt,36745,translation and notes,1 Enoch 13,47,"rept ὧν δέονται, ὅ ὅπως αὐτῶν γένωνται ἄφεσις καὶ μακρότης. 7. καὶ",High-density Greek OCR line; verify against page image/PDF before source-row import.
data/raw/1_enoch_charles_1912_djvu.txt,36746,translation and notes,1 Enoch 13,49,"πορευθεὶς ἐπάϑισα ἐπὶ τῶν ὑδάτων Δὰν ἐν γῃ Δάν, ἥτις ἐστὶν ἐκ",High-density Greek OCR line; verify against page image/PDF before source-row import.
data/raw/1_enoch_charles_1912_djvu.txt,36747,translation and notes,1 Enoch 13,54,ἐδεῤιῶν ' Ερμωνειεὶμ δύσεως © ἀνεγίνωσκον τὸ ὑπόμνημα τῶν δεήσεων,High-density Greek OCR line; verify against page image/PDF before source-row import.
data/raw/1_enoch_charles_1912_djvu.txt,36748,translation and notes,1 Enoch 13,46,αὐτῶν ἕως ἴ ἐκοιμήθην. 8. καὶ ἰδοὺ ὄνειροι ἐπ᾽ ἐμὲ ἦλθον καὶ,High-density Greek OCR line; verify against page image/PDF before source-row import.
data/raw/1_enoch_charles_1912_djvu.txt,36749,translation and notes,1 Enoch 13,50,"ὁράσεις ἐπ᾽ ἐμὲ ἐπέπιπτον, καὶ ἴδον"" δράσεις ὀργῆς, ‘kat ἦλθεν φωνὴ",High-density Greek OCR line; verify against page image/PDF before source-row import.
data/raw/1_enoch_charles_1912_djvu.txt,36750,translation and notes,1 Enoch 13,42,λέγουσα! Εἰπὸν ὃ τοῖς υἱοῖς τοῦ οὐρανοῦ * τοῦ ἐλέγξαι,High-density Greek OCR line; verify against page image/PDF before source-row import.
data/raw/1_enoch_charles_1912_djvu.txt,36751,translation and notes,1 Enoch 13,53,". καὶ ἔξυπνος γενόμενος ἦλθον πρὸς αὐτούς, καὶ πάντες συνηγμένοι",High-density Greek OCR line; verify against page image/PDF before source-row import.
data/raw/1_enoch_charles_1912_djvu.txt,36758,translation and notes,1 Enoch 13,42,"KC Invto πενθοῦντες [σ]ἐν ᾿Εβελσατά 1), ἥτις ἐστὶν ἀνὰ μέσον τοῦ",High-density Greek OCR line; verify against page image/PDF before source-row import.
data/raw/1_enoch_charles_1912_djvu.txt,36759,translation and notes,1 Enoch 13,47,"Λιβάνου καὶ Σενισήλ 11, περικεκαλυμμένοι τὴν ὄψιν, 10. ἐνώπιον",High-density Greek OCR line; verify against page image/PDF before source-row import.
data/raw/1_enoch_charles_1912_djvu.txt,36760,translation and notes,1 Enoch 13,53,υὐτῶν καὶ 13 ἀνήγγειλα αὐτοῖς πάσας τὰς ὁράσεις ἃς εἶδον κατὰ τοὺς,High-density Greek OCR line; verify against page image/PDF before source-row import.
data/raw/1_enoch_charles_1912_djvu.txt,36761,translation and notes,1 Enoch 13,47,"Tvovs, καὶ ἠρξάμην λαλεῖν τοὺς λόγους τῆς δικαιοσύνης, ἐλέγχων 15",High-density Greek OCR line; verify against page image/PDF before source-row import.
data/raw/1_enoch_charles_1912_djvu.txt,36763,translation and notes,1 Enoch 13,52,᾿ XIV. Βίβλος λόγων δικαιοσύνης καὶ αἱ ὀλέγξεως ἐ ἐγρηγόρων τῶν ἀπὸ,High-density Greek OCR line; verify against page image/PDF before source-row import.
data/raw/1_enoch_charles_1912_djvu.txt,36764,translation and notes,1 Enoch 13,47,"00 ) αἰῶνος, κατὰ τὴν. ἐντολὴν τοῦ ἁγίου * τοῦ μεγάλου ἐν ταύτῃ τῇ",High-density Greek OCR line; verify against page image/PDF before source-row import.
data/raw/1_enoch_charles_1912_djvu.txt,36766,translation and notes,1 Enoch 13,47,"γλώσσῃ σαρκίνῃ * ἐν τῷ πνεύματι τοῦ στόματός μου, ὃ ἔδωκεν ὁ",High-density Greek OCR line; verify against page image/PDF before source-row import.
data/raw/1_enoch_charles_1912_djvu.txt,36767,translation and notes,1 Enoch 13,46,Ὁ ας 1® τοῖς ἀνθρώποις. λαλεῖν ἐν αὐτοῖς καὶ * νοήσει καρδίας 17,High-density Greek OCR line; verify against page image/PDF before source-row import.
data/raw/1_enoch_charles_1912_djvu.txt,36768,translation and notes,1 Enoch 13,50,", ὃς 18 ἔκτισεν καὶ ἔδωκεν 19 ἐλέγξασθαι 39 ἐγρηγόρους τοὺς υἱοὺς τοῦ",High-density Greek OCR line; verify against page image/PDF before source-row import.
data/raw/1_enoch_charles_1912_djvu.txt,36778,translation and notes,1 Enoch 13,45,"0 ὑρανοῦ. 4. ᾿Εγὼ τὴν ἐρώτησιν ὑμῶν [τῶν ἀγγέλων] 3᾽, ἔγραψα, καὶ",High-density Greek OCR line; verify against page image/PDF before source-row import.
data/raw/1_enoch_charles_1912_djvu.txt,36853,translation and notes,1 Enoch 13,50,ἐν τῇ ὁράσει μου τοῦτο! ἐδείχθη: ὃ καὶ οὔτε ® ἡ ἐρώτησις ὑμῶν παρε-,High-density Greek OCR line; verify against page image/PDF before source-row import.
data/raw/1_enoch_charles_1912_djvu.txt,36854,translation and notes,1 Enoch 13,45,"δέχθη δ, 5. * va μηκέτι"" εἰς τὸν οὐρανὸν ἀναβῆτε ἐπὶ πάντας τοὺς",High-density Greek OCR line; verify against page image/PDF before source-row import.
data/raw/1_enoch_charles_1912_djvu.txt,36855,translation and notes,1 Enoch 13,53,"αἰῶνας, καὶ * ἐν τοῖς ἡ δεσμοῖς ἡ τῆς γῆς ὅ ἐρρέθη δῆσαι ὑμᾶς εἰς πάσο",High-density Greek OCR line; verify against page image/PDF before source-row import.
data/raw/1_enoch_charles_1912_djvu.txt,36856,translation and notes,1 Enoch 13,52,"τὰς γενεὰς ὃ τοῦ αἰῶνος, 6. καὶ Γἵνα! πρὸ ἴ τούτων ἴδητε τὴν ἀπώλειαν",High-density Greek OCR line; verify against page image/PDF before source-row import.
data/raw/1_enoch_charles_1912_djvu.txt,36857,translation and notes,1 Enoch 13,51,"τῶν υἱῶν ὑμῶν τῶν ἀγαπητῶν, καὶ ὅτι οὐκ ἔσται ὑμῖν ὄνησις αὐτῶν",High-density Greek OCR line; verify against page image/PDF before source-row import.
data/raw/1_enoch_charles_1912_djvu.txt,36858,translation and notes,1 Enoch 13,43,ἀλλὰ πεσοῦνται ἐνώπιον ὑμῶν ἐν μαχαίρᾳ. 7. καὶ ἡ ἐρώτησ,High-density Greek OCR line; verify against page image/PDF before source-row import.
data/raw/1_enoch_charles_1912_djvu.txt,36859,translation and notes,1 Enoch 13,48,ὑμῶν περὶ αὐτῶν οὐκ ἔσται οὐδὲ περὶ ὑμῶν’ *«al ὑμεῖς κλαίοντες ὃ,High-density Greek OCR line; verify against page image/PDF before source-row import.
data/raw/1_enoch_charles_1912_djvu.txt,36860,translation and notes,1 Enoch 13,47,καὶ δεόμενοι καὶ μὴν λαλοῦντες πᾶν ῥῆμα ἀπὸ τῆς γραφῆς ἧς,High-density Greek OCR line; verify against page image/PDF before source-row import.
data/raw/1_enoch_charles_1912_djvu.txt,36861,translation and notes,1 Enoch 13,46,"ἔγραψα. 8. Καὶ ἐμοὶ Ἔ ἐφ᾽ ὁράσει 19 οὕτως ἐδείχθη"" ἰδοὺ νεφέλαι",High-density Greek OCR line; verify against page image/PDF before source-row import.
data/raw/1_enoch_charles_1912_djvu.txt,36862,translation and notes,1 Enoch 13,51,"ἐν τῇ ὁράσει ἐκάλουν καὶ ὁμίχλαι με ἐφώνουν, καὶ διαδρομαὶ τῶι",High-density Greek OCR line; verify against page image/PDF before source-row import.
data/raw/1_enoch_charles_1912_djvu.txt,36863,translation and notes,1 Enoch 13,50,ἀστέρων. καὶ διαστραπαί με κατεσπούδαζον καὶ ὑ ἐθορύβαζόνὶ ™,High-density Greek OCR line; verify against page image/PDF before source-row import.
data/raw/1_enoch_charles_1912_djvu.txt,36864,translation and notes,1 Enoch 13,46,"καὶ ἄνεμοι ἐν τῇ ὁράσει μου t ἐξεπέτασάν ""5 με καὶ ἐπῆράν ὃ με dvw™",High-density Greek OCR line; verify against page image/PDF before source-row import.
data/raw/1_enoch_charles_1912_djvu.txt,36865,translation and notes,1 Enoch 13,50,"καὶ εἰσήνεγκάν με εἰς τὸν οὐρανόν. 9, καὶ εἰσῆλθον μέχρις ἤγγὶο",High-density Greek OCR line; verify against page image/PDF before source-row import.
data/raw/1_enoch_charles_1912_djvu.txt,36866,translation and notes,1 Enoch 13,51,τείχους οἰκοδομῆς 15 ἐν λίθοις χαλάζης καὶ γλώσσαις 16 πυρὸς κύκλ,High-density Greek OCR line; verify against page image/PDF before source-row import.
data/raw/1_enoch_charles_1912_djvu.txt,36868,translation and notes,1 Enoch 13,42,αὐτῶν: καὶ ἤρξαντο ἐκφοβεῖν με. 10. Καὶ εἰσῆλθον εἰς τὰς,High-density Greek OCR line; verify against page image/PDF before source-row import.
data/raw/1_enoch_charles_1912_djvu.txt,36869,translation and notes,1 Enoch 13,50,"γλώσσας τοῦ πυρός, καὶ ἤγγισα εἰς οἶκον μέγαν οἰκοδομημένον &",High-density Greek OCR line; verify against page image/PDF before source-row import.
data/raw/1_enoch_charles_1912_djvu.txt,36870,translation and notes,1 Enoch 13,51,"λίθοις χαλάζης, καὶ οἱ τοῖχοι τοῦ οἴκου ὡς λιθόπλακες, καὶ πᾶσα",High-density Greek OCR line; verify against page image/PDF before source-row import.
data/raw/1_enoch_charles_1912_djvu.txt,36872,translation and notes,1 Enoch 13,54,"ἀστέρων καὶ ἀστραπαί, καὶ μεταξὺ αὐτῶν χερουβὶν πύρινα, καὶ οὐραΐ",High-density Greek OCR line; verify against page image/PDF before source-row import.
data/raw/1_enoch_charles_1912_djvu.txt,36874,translation and notes,1 Enoch 13,48,"πυρὶ καιόμεναι. 18. εἰσῆλθον 18 εἰς τὸν οἶκον ἐκεῖνον, θερμὸν '* ὡς π",High-density Greek OCR line; verify against page image/PDF before source-row import.
data/raw/1_enoch_charles_1912_djvu.txt,36875,translation and notes,1 Enoch 13,46,"καὶ ψυχρὸν ὡς χιών 13, καὶ πᾶσα τροφὴ ""Ὁ ζωῆς οὐκ ἣν ἐν αὐτῷ"" φόβ Os",High-density Greek OCR line; verify against page image/PDF before source-row import.
data/raw/1_enoch_charles_1912_djvu.txt,36876,translation and notes,1 Enoch 13,44,pe ἐκάλυψεν καὶ τρόμος με ἔλαβεν. 14. καὶ ἤμην σειόμενος καὶ,High-density Greek OCR line; verify against page image/PDF before source-row import.
data/raw/1_enoch_charles_1912_djvu.txt,36877,translation and notes,1 Enoch 13,45,"τρέμων, καὶ ἔπεσον * ἐπὶ πρόσωπόν pov καὶ *! ἐθεώρουν *év τῇ ὁράσει",High-density Greek OCR line; verify against page image/PDF before source-row import.
data/raw/1_enoch_charles_1912_djvu.txt,36878,translation and notes,1 Enoch 13,43,"Γμου} 35, 48, καὶ ἰδοὺ * ἄλλην θύραν ἀνεῳγμένην κατέναντί μοὶ",High-density Greek OCR line; verify against page image/PDF before source-row import.
data/raw/1_enoch_charles_1912_djvu.txt,36883,translation and notes,1 Enoch 13,42,"τοῦ αἰῶνος καὶ ἡ κρίσις ἐτελειώθη ἐφ᾽ bpas to fly’, E= ἀνεπτέρωσαν. Or rath",High-density Greek OCR line; verify against page image/PDF before source-row import.
data/raw/1_enoch_charles_1912_djvu.txt,36904,translation and notes,1 Enoch 13,52,"καὶ ὁ οἷκὸς μείζων τούτου, καὶ dos! οἰκοδομημένος ἐν γλώσσαις πυρὸς,",High-density Greek OCR line; verify against page image/PDF before source-row import.
data/raw/1_enoch_charles_1912_djvu.txt,36905,translation and notes,1 Enoch 13,51,"16, καὶ ὅλος διαφέρων ἐν δόξῃ καὶ ἐν τιμῇ καὶ ἐν μεγαλοσύνῃ, ὥστε μὴ",High-density Greek OCR line; verify against page image/PDF before source-row import.
data/raw/1_enoch_charles_1912_djvu.txt,36906,translation and notes,1 Enoch 13,55,δύνασθαί με ἐξειπεῖν ὑμῖν περὶ τῆς δόξης καὶ περὶ τῆς μεγαλοσύνης,High-density Greek OCR line; verify against page image/PDF before source-row import.
data/raw/1_enoch_charles_1912_djvu.txt,36908,translation and notes,1 Enoch 13,49,"σαν ἀστραπαὶ καὶ διαδρομαὶ ἀστέρων, καὶ ἡ στέγη αὐτοῦ ἦν πῦρ",High-density Greek OCR line; verify against page image/PDF before source-row import.
data/raw/1_enoch_charles_1912_djvu.txt,36909,translation and notes,1 Enoch 13,43,"φλέγον. 18. ᾿Εθεώρουν δὲ καὶ εἶδον ὃ θρόνον ὑψηλόν "", καὶ τὸ",High-density Greek OCR line; verify against page image/PDF before source-row import.
data/raw/1_enoch_charles_1912_djvu.txt,36910,translation and notes,1 Enoch 13,50,"el os αὐτοῦ ὡσεὶ κρυστάλλινον, καὶ * τροχὸς ὡς ἡλίου λάμποντος ὅ καὶ",High-density Greek OCR line; verify against page image/PDF before source-row import.
data/raw/1_enoch_charles_1912_djvu.txt,36911,translation and notes,1 Enoch 13,45,"F ὅρος ὑ δ χερουβίν. 19, καὶ ὑποκάτω τοῦ θρόνου ἐξεπορεύοντο",High-density Greek OCR line; verify against page image/PDF before source-row import.
data/raw/1_enoch_charles_1912_djvu.txt,36939,translation and notes,1 Enoch 13,47,"ποταμοὶ πυρὸς φλεγόμενοι ἴ, καὶ οὐκ ἐδυνάσθην ἰδεῖν. 20. καὶ ἡ",High-density Greek OCR line; verify against page image/PDF before source-row import.
data/raw/1_enoch_charles_1912_djvu.txt,36940,translation and notes,1 Enoch 13,46,όξα ἡ μεγάλη ἐκάθητο ἐπ᾽ aire τὸ περιβόλαιον αὐτοῦ [ὡς εἶδος] ὃ,High-density Greek OCR line; verify against page image/PDF before source-row import.
data/raw/1_enoch_charles_1912_djvu.txt,36941,translation and notes,1 Enoch 13,46,"ἡλίου λαμπρότερον καὶ λευκότερον πάσης χιόνος. 21, καὶ οὐκ",High-density Greek OCR line; verify against page image/PDF before source-row import.
data/raw/1_enoch_charles_1912_djvu.txt,36944,translation and notes,1 Enoch 13,50,ἐδύνατο πᾶς ἄγγελος παρελθεῖν ‘eis τὸν οἶκον τοῦτον καὶ ἰδεῖν τὸ,High-density Greek OCR line; verify against page image/PDF before source-row import.
data/raw/1_enoch_charles_1912_djvu.txt,36945,translation and notes,1 Enoch 13,48,"πρόσωπον» αὐτοῦ * διὰ τὸ ἔντιμον καὶ ἔνδοξον 3, καὶ οὐκ ἐδύνατο",High-density Greek OCR line; verify against page image/PDF before source-row import.
data/raw/1_enoch_charles_1912_djvu.txt,36946,translation and notes,1 Enoch 13,40,"a σὰρξ ἰδεῖν αὐτόν. 22. τὸ πῦρ φλεγόμενον κύκλῳ"" καὶ πῦρ",High-density Greek OCR line; verify against page image/PDF before source-row import.
data/raw/1_enoch_charles_1912_djvu.txt,36947,translation and notes,1 Enoch 13,53,"μέγα παρειστήκει αὐτῷ, καὶ οὐδεὶς ἐγγίζει αὐτῷ (τῶν) 5 κύκλῳ, μυρίαι",High-density Greek OCR line; verify against page image/PDF before source-row import.
data/raw/1_enoch_charles_1912_djvu.txt,36948,translation and notes,1 Enoch 13,51,"ἰυριάδες ἑστήκασιν ἐνώπιον αὐτοῦ, * καὶ πᾶς λόγος αὐτοῦ ἔργον ᾽"".",High-density Greek OCR line; verify against page image/PDF before source-row import.
data/raw/1_enoch_charles_1912_djvu.txt,36949,translation and notes,1 Enoch 13,50,13. καὶ οἱ ἅγιοι τῶν ἀγγέλων 13 οἱ ἐγγίζοντες αὐτῷ οὐκ ἀποχωροῦσιν,High-density Greek OCR line; verify against page image/PDF before source-row import.
data/raw/1_enoch_charles_1912_djvu.txt,36951,translation and notes,1 Enoch 13,45,"γυκτὸς οὔτε ἀφίστανται αὐτοῦ, 24, Κἀγὼ ἤμην ἕως τούτου ἐπὶ",High-density Greek OCR line; verify against page image/PDF before source-row import.
data/raw/1_enoch_charles_1912_djvu.txt,36952,translation and notes,1 Enoch 13,49,"πρόσωπόν μου βεβλημένος 15 καὶ τρέμων, καὶ ὁ κύριος τῷ στόματι",High-density Greek OCR line; verify against page image/PDF before source-row import.
data/raw/1_enoch_charles_1912_djvu.txt,36953,translation and notes,1 Enoch 13,47,"ὑτοῦ ἐκάλεσέν με καὶ εἶπέν μοι Πρόσελθε ὧδε, ᾿Ενώχ, καὶ τὸν",High-density Greek OCR line; verify against page image/PDF before source-row import.
data/raw/1_enoch_charles_1912_djvu.txt,36955,translation and notes,1 Enoch 13,49,"ἡγειρέν με καὶ ἔστησέν με, καὶ προσήγαγέν με μέχρι τῆς θύρας""",High-density Greek OCR line; verify against page image/PDF before source-row import.
data/raw/1_enoch_charles_1912_djvu.txt,36957,translation and notes,1 Enoch 15,47,"XV. Καὶ ἀποκριθεὶς εἶπέν μοι [Ὃ ἄνθρωπος ὁ ἀληθινός, ἄνθρωπος",High-density Greek OCR line; verify against page image/PDF before source-row import.
data/raw/1_enoch_charles_1912_djvu.txt,36958,translation and notes,1 Enoch 15,46,τῆς ἀληθείας ὁ γραμματεύς 115 καὶ τῆς φωνῆς αὐτοῦ ἤκουσα μὴ,High-density Greek OCR line; verify against page image/PDF before source-row import.
data/raw/1_enoch_charles_1912_djvu.txt,36990,translation and notes,1 Enoch 15,51,"φοβηθῇς, Ενώχ, ἄνθρωπος ἀληθινὸς καὶ γραμματεὺς τῆς ἀληθείας""",High-density Greek OCR line; verify against page image/PDF before source-row import.
data/raw/1_enoch_charles_1912_djvu.txt,37000,translation and notes,1 Enoch 15,54,"τὸν οὐρανὸν τὸν ὑψηλὸν τὸν ἅγιον τοῦ αἰῶνος, καὶ μετὰ τῶν γυναικῶν",High-density Greek OCR line; verify against page image/PDF before source-row import.
data/raw/1_enoch_charles_1912_djvu.txt,37001,translation and notes,1 Enoch 15,52,ἐκοιμήθητε καὶ μετὰ τῶν θυγατέρων τῶν ἀνθρώπων ἐμιάνθητε καὶ,High-density Greek OCR line; verify against page image/PDF before source-row import.
data/raw/1_enoch_charles_1912_djvu.txt,37002,translation and notes,1 Enoch 15,53,ἐλάβετε ἑαυτοῖς γυναῖκας ;* ὥσπερ υἱοὶ τῆς γῆς ἐποιήσατε καὶ ἔγεν-,High-density Greek OCR line; verify against page image/PDF before source-row import.
data/raw/1_enoch_charles_1912_djvu.txt,37004,translation and notes,1 Enoch 15,53,"Ἑκαὶ πνεύμα(τα) "" ζῶντα αἰώνια"" ἐν τῷ αἵματι τῶν γυναικῶν ἐμιάνθητε,",High-density Greek OCR line; verify against page image/PDF before source-row import.
data/raw/1_enoch_charles_1912_djvu.txt,37005,translation and notes,1 Enoch 15,54,καὶ ἐν αἵματι σαρκὸς ἐγεννήσατε;καὶ ἡ ἐν αἵματι ἀνθρώπων ἐπεθυμή-,High-density Greek OCR line; verify against page image/PDF before source-row import.
data/raw/1_enoch_charles_1912_djvu.txt,37008,translation and notes,1 Enoch 15,50,"σατεῖ, καθὼς καὶ αὐτοὶ ποιοῦσιν, σάρκα καὶ αἷμα, οἵτινες ἀποθν",High-density Greek OCR line; verify against page image/PDF before source-row import.
data/raw/1_enoch_charles_1912_djvu.txt,37061,translation and notes,1 Enoch 15,41,εἰς αὐτὰς καὶ τεκνώσουσιν ἐν αὐταῖς ὃ τέκνα οὕτως.,High-density Greek OCR line; verify against page image/PDF before source-row import.
data/raw/1_enoch_charles_1912_djvu.txt,37347,translation and notes,1 Enoch 15,50,"ἔσται ἀφανίζοντα χωρὶς κρίσεως"" χρις ἡμέρας τῆς τελειώσεως, Ews",High-density Greek OCR line; verify against page image/PDF before source-row import.
data/raw/1_enoch_charles_1912_djvu.txt,37377,translation and notes,1 Enoch 15,51,"οὕτως ἀφανίσουσιν μέχρις ἡμέρας τῆς κρίσεως τῆς μεγάλης, ἐν ἣ",High-density Greek OCR line; verify against page image/PDF before source-row import.
data/raw/1_enoch_charles_1912_djvu.txt,37378,translation and notes,1 Enoch 15,41,"τελειώσεως, *rijs κρίσεως τῆς αἰὼν *6 μέγας τελεσθήσεται""",High-density Greek OCR line; verify against page image/PDF before source-row import.
data/raw/1_enoch_charles_1912_djvu.txt,37388,translation and notes,1 Enoch 15,47,"2. Καὶ νῦν ἐγρηγόροις τοῖς πέμψασίν σε ἐρωτῆσαι περὶ αὐτῶν,",High-density Greek OCR line; verify against page image/PDF before source-row import.
data/raw/1_enoch_charles_1912_djvu.txt,37389,translation and notes,1 Enoch 15,44,"οἵτινες ὅ ἐν οὐρανῷ ἦσαν. 8, Ὑμεῖς ἐν τῷ οὐρανῷ ἦτε, καὶ πᾶν",High-density Greek OCR line; verify against page image/PDF before source-row import.
data/raw/1_enoch_charles_1912_djvu.txt,37390,translation and notes,1 Enoch 15,51,μυστήριον [ὃ] οὐκ ἀνεκαλύφθη ὑμῖν καὶ μυστήριον Ἔ τὸ ἐκ τοῦ θεοῦ,High-density Greek OCR line; verify against page image/PDF before source-row import.
data/raw/1_enoch_charles_1912_djvu.txt,37391,translation and notes,1 Enoch 15,53,"γεγενημένον ὃ ἔγνωτε, καὶ τοῦτο ἐμηνύσατε ταῖς γυναιξὶν ἐν ταῖς",High-density Greek OCR line; verify against page image/PDF before source-row import.
data/raw/1_enoch_charles_1912_djvu.txt,37392,translation and notes,1 Enoch 15,49,"σκληροκαρδίαις ὑμῶν, καὶ ἐν τῷ μυστηρίῳ τούτῳ πληθύνουσιν at",High-density Greek OCR line; verify against page image/PDF before source-row import.
data/raw/1_enoch_charles_1912_djvu.txt,37393,translation and notes,1 Enoch 15,50,θήλειαι καὶ οἱ ἄνθρωποι τὰ κακὰ ἐπὶ τῆς γῆς. 4. εἰπὸν οὖν αὐτοῖς ὃ,High-density Greek OCR line; verify against page image/PDF before source-row import.
data/raw/1_enoch_charles_1912_djvu.txt,37396,translation and notes,1 Enoch 17,41,"XVII. Καὶ παραλαβόντες με εἴς τινα τόπον Γ ἀπήγαγον"", ἐν ᾧ ot",High-density Greek OCR line; verify against page image/PDF before source-row import.
data/raw/1_enoch_charles_1912_djvu.txt,37397,translation and notes,1 Enoch 17,51,"ὄντες ἐκεῖ γίνονται ὡς πῦρ φλέγον καί, ὅταν θέλωσιν, φαίνονται.",High-density Greek OCR line; verify against page image/PDF before source-row import.
data/raw/1_enoch_charles_1912_djvu.txt,37398,translation and notes,1 Enoch 17,44,ὡσεὶ ἄνθρωποι. 2. Καὶ ἀπήγαγόν pe εἰς ζοφώδη ἴ τόπον καὶ εἰς,High-density Greek OCR line; verify against page image/PDF before source-row import.
data/raw/1_enoch_charles_1912_djvu.txt,37399,translation and notes,1 Enoch 17,42,ὄρος οὗ *) κεφαλὴ ὃ ἀφικνεῖτο εἰς τὸν οὐρανόν. 8. καὶ ἴδον,High-density Greek OCR line; verify against page image/PDF before source-row import.
data/raw/1_enoch_charles_1912_djvu.txt,37400,translation and notes,1 Enoch 17,44,"τόπον τῶν φωστήρων ‘kal. τοὺς θησαυροὺς τῶν ἀστέρων"" καὶ τῶ",High-density Greek OCR line; verify against page image/PDF before source-row import.
data/raw/1_enoch_charles_1912_djvu.txt,37401,translation and notes,1 Enoch 17,46,"βροντῶν, ‘kal! εἰς τὰ ἀεροβαθῆ, ὅπου τόξον πυρὸς καὶ τὰ βέλη καὶ",High-density Greek OCR line; verify against page image/PDF before source-row import.
data/raw/1_enoch_charles_1912_djvu.txt,37402,translation and notes,1 Enoch 17,43,αἱ θῆκαι αὐτῶν 19 καὶ αἱ ἀστρωπαὶ πᾶσαι. 4. Καὶ ἀπήγαγόν με,High-density Greek OCR line; verify against page image/PDF before source-row import.
data/raw/1_enoch_charles_1912_djvu.txt,37403,translation and notes,1 Enoch 17,52,"μέχρι ὑδάτων ζώντων καὶ μέχρι πυρὸς δύσεως, ὅ ἐστιν καὶ παρέχον **",High-density Greek OCR line; verify against page image/PDF before source-row import.
data/raw/1_enoch_charles_1912_djvu.txt,37404,translation and notes,1 Enoch 17,45,πάσας τὰς δύσεις τοῦ ἡλίου. ὅ. καὶ ἤλθο[με]ν μέχρι ποταμοῦ,High-density Greek OCR line; verify against page image/PDF before source-row import.
data/raw/1_enoch_charles_1912_djvu.txt,37405,translation and notes,1 Enoch 17,54,"πυρός, ἐν ᾧ κατατρέχει τὸ πῦρ ὡς ὕδωρ καὶ ῥέει εἰς θάλασσαν μεγάλην",High-density Greek OCR line; verify against page image/PDF before source-row import.
data/raw/1_enoch_charles_1912_djvu.txt,37406,translation and notes,1 Enoch 17,42,"δύσεως. 6, ἴδον ᾿5 τοὺς μεγάλους ποταμού(ς), καὶ “μέχρι τοῦ",High-density Greek OCR line; verify against page image/PDF before source-row import.
data/raw/1_enoch_charles_1912_djvu.txt,37407,translation and notes,1 Enoch 17,51,"μεγάλου ποταμοῦ καὶ μέχρι τοῦ μεγάλου 15 σκότους ἑατήντησα, καὶ",High-density Greek OCR line; verify against page image/PDF before source-row import.
data/raw/1_enoch_charles_1912_djvu.txt,37408,translation and notes,1 Enoch 17,47,"ἀπῆλθον ὅπου πᾶσα σὰρξ οὐ"" περιπατεῖ. 7. ἴδον τοὺς ἀνέμους τῷ",High-density Greek OCR line; verify against page image/PDF before source-row import.
data/raw/1_enoch_charles_1912_djvu.txt,37409,translation and notes,1 Enoch 17,52,"γνόφων ἡ 1"" τοὺς χειμερινοὺς καὶ τὴν ἔκχυσιν Ἔ τῆς ἀβύσσου πάντων",High-density Greek OCR line; verify against page image/PDF before source-row import.
data/raw/1_enoch_charles_1912_djvu.txt,37410,translation and notes,1 Enoch 17,42,"ὑδάτων >, 8. ἴδον"" 5 τὸ στόμα τῆς γῆς πάντων τῶν ποταμῶν καὶ",High-density Greek OCR line; verify against page image/PDF before source-row import.
data/raw/1_enoch_charles_1912_djvu.txt,37415,translation and notes,1 Enoch 17,42,γόροις καὶ τοῖς ἀσεβέσιν ὅλως τελεσθῆσε- may point back to ἄκρα βάθη. 101,High-density Greek OCR line; verify against page image/PDF before source-row import.
data/raw/1_enoch_charles_1912_djvu.txt,37451,translation and notes,1 Enoch 17,47,"πάντων, tov! ὅτι ἐν αὐτοῖς ἐκόσμησεν πάσας τὰς κτίσεις καὶ τὸν",High-density Greek OCR line; verify against page image/PDF before source-row import.
data/raw/1_enoch_charles_1912_djvu.txt,37452,translation and notes,1 Enoch 17,48,"| θεμέλιον τῆς γῆς, 2. καὶ τὸν λίθον ἴδον τῆς γωνίας τῆς γῆς. ἴδον",High-density Greek OCR line; verify against page image/PDF before source-row import.
data/raw/1_enoch_charles_1912_djvu.txt,37453,translation and notes,1 Enoch 17,52,"i τοὺς τέσσαρας ἀνέμους [τὴν γῆν] 5 βαστάζοντας, καὶ τὸ στερέωμα τοῦ",High-density Greek OCR line; verify against page image/PDF before source-row import.
data/raw/1_enoch_charles_1912_djvu.txt,37455,translation and notes,1 Enoch 17,47,ἴδον * ἀνέμους *rSv οὐρανῶν ὃ στρέφοντας καὶ ἵ διανεύοντας t+ 5 τὸν,High-density Greek OCR line; verify against page image/PDF before source-row import.
data/raw/1_enoch_charles_1912_djvu.txt,37456,translation and notes,1 Enoch 17,48,"τροχὸν τοῦ ἡλίου, καὶ πάντας τοὺς ἀστέρας. 5. ἴδον τοὺς ἐπὶ τῆς",High-density Greek OCR line; verify against page image/PDF before source-row import.
data/raw/1_enoch_charles_1912_djvu.txt,37457,translation and notes,1 Enoch 17,46,γῆς ἀνέμους βαστάζοντας ἵ ἐν νεφέλῃ t7. ἴδον ὃ (παρὰ) ὃ πέρατα,High-density Greek OCR line; verify against page image/PDF before source-row import.
data/raw/1_enoch_charles_1912_djvu.txt,37458,translation and notes,1 Enoch 17,42,"τ ς γῆς, τὸ στήριγμα τοῦ οὐρανοῦ ἐπάνω. 6. Παρῆλθον 19 Γκαὶ",High-density Greek OCR line; verify against page image/PDF before source-row import.
data/raw/1_enoch_charles_1912_djvu.txt,37459,translation and notes,1 Enoch 17,54,"ἴδον τόπον"" καιόμενον νυκτὸς καὶ ἡμέρας, ὅπου τὰ ἑπτὰ ὄρη ἀπὸ λίθων",High-density Greek OCR line; verify against page image/PDF before source-row import.
data/raw/1_enoch_charles_1912_djvu.txt,37460,translation and notes,1 Enoch 17,47,"τι υτελῶν, (τρία) }} εἰς ἀνατολὰς καὶ τρία 1 εἰς νότον ᾿βάλλοντα."" 13",High-density Greek OCR line; verify against page image/PDF before source-row import.
data/raw/1_enoch_charles_1912_djvu.txt,37461,translation and notes,1 Enoch 17,46,"΄, καὶ τὰ μὲν πρὸς ἀνατολὰς 18 ἀπὸ λίθου χρώματος, τὸ δὲ ἦν ἀπὸ",High-density Greek OCR line; verify against page image/PDF before source-row import.
data/raw/1_enoch_charles_1912_djvu.txt,37462,translation and notes,1 Enoch 17,47,"λίθου μαργαρίτου, καὶ τὸ ἀπὸ λίθου Τταθέν 7 14, τὰ 15 δὲ κατὰ νότον",High-density Greek OCR line; verify against page image/PDF before source-row import.
data/raw/1_enoch_charles_1912_djvu.txt,37468,translation and notes,1 Enoch 17,45,"ϑρόνος θεοῦ ἀπὸ λίθου hone”. 16, καὶ ἡ κορυφὴ τοῦ θρόνου ἀπὸ λίθου",High-density Greek OCR line; verify against page image/PDF before source-row import.
data/raw/1_enoch_charles_1912_djvu.txt,37471,translation and notes,1 Enoch 17,43,"πὸ λίθου πυρροῦ"" 8. τὸ δὲ μέσον αὐτῶν ᾿ εἰς οὐρανόν, ὥσπερ",High-density Greek OCR line; verify against page image/PDF before source-row import.
data/raw/1_enoch_charles_1912_djvu.txt,37474,translation and notes,1 Enoch 17,46,| ᾿ ἱπφείρου; 9. καὶ πῦρ καιόμενον ἴδον. κἀ(πέλεεννα τῶν ὀρέων.,High-density Greek OCR line; verify against page image/PDF before source-row import.
data/raw/1_enoch_charles_1912_djvu.txt,37475,translation and notes,1 Enoch 17,40,"ων 10. τόπος ἐστὶν πέρας 1ἴ τῆς μεγάλης γῆς"" ἐκεῖ συντε-",High-density Greek OCR line; verify against page image/PDF before source-row import.
data/raw/1_enoch_charles_1912_djvu.txt,37479,translation and notes,1 Enoch 17,52,ὕλοις 1) τοῦ πυρὸς καταβαίνοντας καὶ οὐκ ἦν μέτρον οὔτε εἰς βάθος,High-density Greek OCR line; verify against page image/PDF before source-row import.
data/raw/1_enoch_charles_1912_djvu.txt,37481,translation and notes,1 Enoch 17,44,"Tov ὅπου οὐδὲ στερέωμα οὐρανοῦ ἐπάνω, οὔτε γῆ 2! ἡ 3: τεθεμελιω-",High-density Greek OCR line; verify against page image/PDF before source-row import.
data/raw/1_enoch_charles_1912_djvu.txt,37491,translation and notes,1 Enoch 17,45,"7 | ὑποκάτω αὐτοῦ οὔτε ὕδωρ ἦν ὑπὸ αὐτῷ 25 οὔτε πετεινόν, ἀλλὰ",High-density Greek OCR line; verify against page image/PDF before source-row import.
data/raw/1_enoch_charles_1912_djvu.txt,37492,translation and notes,1 Enoch 17,45,πος ἦν ἔρημος καὶ φοβερός. 18. ἐκεῖ ἴδον ἑπτὰ ἀστέρας ὡς ὄρη,High-density Greek OCR line; verify against page image/PDF before source-row import.
data/raw/1_enoch_charles_1912_djvu.txt,37500,translation and notes,1 Enoch 17,47,"λος Οὗτός ἐστιν ὁ τόπος τὸ τέλος τοῦ οὐρανοῦ καὶ γῆς"" δεσμω-",High-density Greek OCR line; verify against page image/PDF before source-row import.
data/raw/1_enoch_charles_1912_djvu.txt,37551,translation and notes,1 Enoch 17,48,τήριον τοῦτο ἐγένετο τοῖς ἄστροις Kal *rats δυνάμεσιν τοῦ οὐρανοῦ,High-density Greek OCR line; verify against page image/PDF before source-row import.
data/raw/1_enoch_charles_1912_djvu.txt,37555,translation and notes,1 Enoch 17,42,"15. καὶ οἱ ἀστέρες οἱ κυλιόμενοι *év τῷ πυρί 3, οὗτοί εἰσιν οἱ mapa",High-density Greek OCR line; verify against page image/PDF before source-row import.
data/raw/1_enoch_charles_1912_djvu.txt,37558,translation and notes,1 Enoch 17,52,βάντες πρόσταγμα Κυρίου ὃ ἐν ἀρχῇ. τῆς ἀνατολῆς αὐτῶν [ὅτι τόπος,High-density Greek OCR line; verify against page image/PDF before source-row import.
data/raw/1_enoch_charles_1912_djvu.txt,37565,translation and notes,1 Enoch 17,47,"ἔξω τοῦ οὐρανοῦ κενός ἐστιν], ὅτι οὐκ ἐξῆλθαν ἐν τοῖς καιρὸ",High-density Greek OCR line; verify against page image/PDF before source-row import.
data/raw/1_enoch_charles_1912_djvu.txt,37571,translation and notes,1 Enoch 17,44,"τελειώσεως [αὐτῶν] ἁμαρτίας αὐτῶν, Ἐἐνιαυτῶν μυρίων ὅ.",High-density Greek OCR line; verify against page image/PDF before source-row import.
data/raw/1_enoch_charles_1912_djvu.txt,37577,translation and notes,1 Enoch 17,52,"γυναιξὶν στήσονται, καὶ τὰ πνεύματα αὐτῶν πολύμορφα γενόμενα",High-density Greek OCR line; verify against page image/PDF before source-row import.
data/raw/1_enoch_charles_1912_djvu.txt,37578,translation and notes,1 Enoch 17,55,λυμαίνεται τοὺς ἀνθρώπους καὶ πλανήσει αὐτοὺς ἐπιθύειν τοῖς. δαι,High-density Greek OCR line; verify against page image/PDF before source-row import.
data/raw/1_enoch_charles_1912_djvu.txt,37579,translation and notes,1 Enoch 17,48,"μονίοις ὃ μέχρι ἴ τῆς μεγάλης κρίσεως, ἐν ἧ κριθήσονται εἰς amore:",High-density Greek OCR line; verify against page image/PDF before source-row import.
data/raw/1_enoch_charles_1912_djvu.txt,37649,translation and notes,1 Enoch 20,42,16. κἀὶ ὀργίσθη αὐτοῖς καὶ ἔδησεν αὐτοὺς μέχρι καιροῦ,High-density Greek OCR line; verify against page image/PDF before source-row import.
data/raw/1_enoch_charles_1912_djvu.txt,37652,translation and notes,1 Enoch 20,45,καὶ εἶπέν μοι. Οὐριήλ ᾿Ενθάδε οἱ μιγέντες ἄγγελοι ταῖς,High-density Greek OCR line; verify against page image/PDF before source-row import.
data/raw/1_enoch_charles_1912_djvu.txt,37655,translation and notes,1 Enoch 20,40,2. Ἔ καὶ αἱ γυναῖκες αὐτῶν τῶν τοράβόνχον ἀγγέλων ὁ,High-density Greek OCR line; verify against page image/PDF before source-row import.
data/raw/1_enoch_charles_1912_djvu.txt,37943,translation and notes,1 Enoch 21,47,καὶ ἐπτοήθης ; * καὶ ἀπεκρίθη(ν) 15 Περὶ τούτου τοῦ φοβεροῦ (τόπο,High-density Greek OCR line; verify against page image/PDF before source-row import.
data/raw/1_enoch_charles_1912_djvu.txt,37947,translation and notes,1 Enoch 21,51,δεσμωτήριον ἀγγέλων᾽ ὧδε ᾽ξ συνσχεθήσονται [μέχρι ἑνὸς] 1ὅ εἰς roi,High-density Greek OCR line; verify against page image/PDF before source-row import.
data/raw/1_enoch_charles_1912_djvu.txt,37950,translation and notes,1 Enoch 22,42,"XXII. Κἀκεῖθεν ἐφόδευσα εἰς ἄλλον τόπον, καὶ ἔδειξέν μοι mpd",High-density Greek OCR line; verify against page image/PDF before source-row import.
data/raw/1_enoch_charles_1912_djvu.txt,37951,translation and notes,1 Enoch 22,41,"δυσμὰς Γἄλλο! ὄρος μέγα καὶ ὑψηλὸν 15 πέτρας στερεᾶς 1,",High-density Greek OCR line; verify against page image/PDF before source-row import.
data/raw/1_enoch_charles_1912_djvu.txt,38059,translation and notes,1 Enoch 22,54,"; τρεῖς αὐτῶν σκοτεινοὶ καὶ εἷς φωτεινός, καὶ πηγὴ ὕδατος ἀνὰ μέσον",High-density Greek OCR line; verify against page image/PDF before source-row import.
data/raw/1_enoch_charles_1912_djvu.txt,38065,translation and notes,1 Enoch 22,46,"ὑτοῦ. καὶ εἶπον"" ὃ Πῶς} λεῖα τὰ κοιλώματα ' ταῦτα καὶ ὁλοβαθῆ",High-density Greek OCR line; verify against page image/PDF before source-row import.
data/raw/1_enoch_charles_1912_djvu.txt,38069,translation and notes,1 Enoch 22,52,"γγέλων ὃς μετ᾽ ἐμοῦ ἦν, καὶ εἶπέν μοι Οὗτοι οἱ τόποι οἱ κοῖλοι, ἵνα",High-density Greek OCR line; verify against page image/PDF before source-row import.
data/raw/1_enoch_charles_1912_djvu.txt,38072,translation and notes,1 Enoch 22,51,"πισυνάγωνται εἰς αὐτοὺς τὰ πνεύματα τῶν ψυχῶν τῶν νεκρῶν, εἰς",High-density Greek OCR line; verify against page image/PDF before source-row import.
data/raw/1_enoch_charles_1912_djvu.txt,38147,translation and notes,1 Enoch 22,47,"ὑτὸ τοῦτο ἐκρίθησαν, ὧδε ἐπισυνάγεσθαι πάσας τὰς ψυχὰς ἢ",High-density Greek OCR line; verify against page image/PDF before source-row import.
data/raw/1_enoch_charles_1912_djvu.txt,38150,translation and notes,1 Enoch 22,43,"ῷ Τοῦτο τὸ πνεῦμα 'τὸ ἐντυγχάνον"" τίνος ἐστίν, οὗ 15 οὕτως",High-density Greek OCR line; verify against page image/PDF before source-row import.
data/raw/1_enoch_charles_1912_djvu.txt,38153,translation and notes,1 Enoch 22,42,ἡ αὐτοῦ προβαίνει καὶ ἐντυγχάνει Γἕως τοῦ οὐρανοῦ] ;,High-density Greek OCR line; verify against page image/PDF before source-row import.
data/raw/1_enoch_charles_1912_djvu.txt,38167,translation and notes,1 Enoch 22,48,τοιζήθγησαν μέχρι τῆς ἡμέρας τῆς κρίσεως. αὐτῶν καὶ μέχρι,High-density Greek OCR line; verify against page image/PDF before source-row import.
data/raw/1_enoch_charles_1912_djvu.txt,38168,translation and notes,1 Enoch 22,48,"δῦ διορισμοῦ [καὶ διορισμένου χρόνου,] ἐν ᾧ ἡ κρίσις ἡ μεγάλη",High-density Greek OCR line; verify against page image/PDF before source-row import.
data/raw/1_enoch_charles_1912_djvu.txt,38172,translation and notes,1 Enoch 22,48,"᾿ς καὶ ὃ ἠρώτησα "" Ραφαὴλ τὸν ἄγγελον ὃς μετ᾽ ἐμοῦ ἦν, καὶ εἶπα",High-density Greek OCR line; verify against page image/PDF before source-row import.
data/raw/1_enoch_charles_1912_djvu.txt,38181,translation and notes,1 Enoch 22,50,: κρίθη μοι λέγων Τοῦτο τὸ πνεῦμά ἐστιν τὸ ἐξελθὸν ἀπὸ ἽΛβελ ὃν,High-density Greek OCR line; verify against page image/PDF before source-row import.
data/raw/1_enoch_charles_1912_djvu.txt,38182,translation and notes,1 Enoch 22,51,"ὄνευσεν Κάειν 6 ἀδελφός, καὶ ΓΑβελ! ἐντυγχάνει περὶ αὐτοῦ μέχρι",High-density Greek OCR line; verify against page image/PDF before source-row import.
data/raw/1_enoch_charles_1912_djvu.txt,38183,translation and notes,1 Enoch 22,48,"Ὁ ἀπολέσαι τὸ σπέρμα αὐτοῦ ἀπὸ προσώπου τῆς γῆς, καὶ ἀπὸ τοῦ",High-density Greek OCR line; verify against page image/PDF before source-row import.
data/raw/1_enoch_charles_1912_djvu.txt,38189,translation and notes,1 Enoch 22,48,"γώτησα 13 περὶ τῶν κοιλωμάτων 13 πάντων, διὰ τί ἐχωρίσθησαν *ev ἀπὸ",High-density Greek OCR line; verify against page image/PDF before source-row import.
data/raw/1_enoch_charles_1912_djvu.txt,38190,translation and notes,1 Enoch 22,40,9. καὶ ἀπεκρίθη μοι λέγων Οὗτοι οἱ τρὶς ἐποιήθησαν,High-density Greek OCR line; verify against page image/PDF before source-row import.
data/raw/1_enoch_charles_1912_djvu.txt,38196,translation and notes,1 Enoch 22,42,"τὰ πνεύματα τῶν δικαίων, οὗ ἡ πηγὴ τοῦ ὕδατος ἐν αὐτῷ 15",High-density Greek OCR line; verify against page image/PDF before source-row import.
data/raw/1_enoch_charles_1912_djvu.txt,38227,translation and notes,1 Enoch 22,53,"θάνωσιν καὶ ταφῶσιν εἰς τὴν γῆν, καὶ κρίσις οὐκ ἐγενήθη ἐπ᾽ αὐτῶν",High-density Greek OCR line; verify against page image/PDF before source-row import.
data/raw/1_enoch_charles_1912_djvu.txt,38228,translation and notes,1 Enoch 22,45,τῇ Con αὐτῶν. 11. ὧδε χωρίζεται τὰ πνεύματα αὐτῶν εἰς τὴν μεγάλ,High-density Greek OCR line; verify against page image/PDF before source-row import.
data/raw/1_enoch_charles_1912_djvu.txt,38229,translation and notes,1 Enoch 22,54,"βάσανον ταύτην, μέχρι τῆς μεγάλης ἡμέρας τῆς κρίσεως, τῶν μαστίγω:",High-density Greek OCR line; verify against page image/PDF before source-row import.
data/raw/1_enoch_charles_1912_djvu.txt,38230,translation and notes,1 Enoch 22,45,καὶ τῶν βασάνων τῶν κατηραμένων ὃ μέχρι αἰῶνος ὁ *iy’ ἀνταπ',High-density Greek OCR line; verify against page image/PDF before source-row import.
data/raw/1_enoch_charles_1912_djvu.txt,38231,translation and notes,1 Enoch 22,48,"δοσις ὃ τῶν πιευμάτων"" ἐκεῖ δήσει αὐτοὺς μέχρις αἰῶνος. 49. καὶ",High-density Greek OCR line; verify against page image/PDF before source-row import.
data/raw/1_enoch_charles_1912_djvu.txt,38232,translation and notes,1 Enoch 22,49,"οὕτως ἐχωρίσθη τοῖς πνεύμασιν τῶν ἐντυγχανόντων, οἵτινες evpar",High-density Greek OCR line; verify against page image/PDF before source-row import.
data/raw/1_enoch_charles_1912_djvu.txt,38233,translation and notes,1 Enoch 22,44,"Covow περὶ τῆς. ἀπωλείας, ὅταν φονευθῶσιν ἐν ταῖς ἡμέραις τῷ",High-density Greek OCR line; verify against page image/PDF before source-row import.
data/raw/1_enoch_charles_1912_djvu.txt,38234,translation and notes,1 Enoch 22,48,ἁμαρτωλῶν. 118. καὶ οὕτως ἐκτίσθη τοῖς πνεύμασιν τῶν ἀνθρώπων,High-density Greek OCR line; verify against page image/PDF before source-row import.
data/raw/1_enoch_charles_1912_djvu.txt,38236,translation and notes,1 Enoch 22,55,τῶν ἀνόμων ἔσονται μέτοχοι. τὰ δὲ πνεύματα [ὅτι οἱ ἐνθάδε θλιβέντει,High-density Greek OCR line; verify against page image/PDF before source-row import.
data/raw/1_enoch_charles_1912_djvu.txt,38242,translation and notes,1 Enoch 22,54,"ἔλαττον κολάζονται ὃ αὐτῶν, οὐ τιμωρηθήσονται ἐν ἡμέρᾳ τῆς κρίσε",High-density Greek OCR line; verify against page image/PDF before source-row import.
data/raw/1_enoch_charles_1912_djvu.txt,38261,translation and notes,1 Enoch 22,47,οὐδὲ μὴ μετεγερθῶσιν ἐντεῦθεν. 14. Τότε ηὐλόγησα τὸν κύριον,High-density Greek OCR line; verify against page image/PDF before source-row import.
data/raw/1_enoch_charles_1912_djvu.txt,38262,translation and notes,1 Enoch 22,47,"δόξης, καὶ εἶπα Εὐλογητὸς *et, Κύριε ὁ τῆς δικαιοσύνης 19, κυριεύ",High-density Greek OCR line; verify against page image/PDF before source-row import.
data/raw/1_enoch_charles_1912_djvu.txt,38264,translation and notes,1 Enoch 23,40,XXIII. Κἀκεῖθεν ἐφώδευσα εἰς ἄλλον τόπον πρὸς δυσμὰς 15 τ,High-density Greek OCR line; verify against page image/PDF before source-row import.
data/raw/1_enoch_charles_1912_djvu.txt,38266,translation and notes,1 Enoch 23,53,"ἀναπαυόμενον οὐδὲ ἐνλεῖπον τοῦ δρόμου, ἡμέρας καὶ νυκτὸς ἡἅμαγ |",High-density Greek OCR line; verify against page image/PDF before source-row import.
data/raw/1_enoch_charles_1912_djvu.txt,38267,translation and notes,1 Enoch 23,45,διαμένον. 3. καὶ ἠρώτησα λέγων Τί ἐστὶν τὸ μὴ ἔχον ἀνάπαυσ P,High-density Greek OCR line; verify against page image/PDF before source-row import.
data/raw/1_enoch_charles_1912_djvu.txt,38268,translation and notes,1 Enoch 23,44,"4. τότε ἀπεκρίθη μοι “PayourA, ὁ εἷς τῶν ἁγίων ἀγγέλων ὃς μετ᾽ ἐμοί",High-density Greek OCR line; verify against page image/PDF before source-row import.
data/raw/1_enoch_charles_1912_djvu.txt,38269,translation and notes,1 Enoch 23,52,ἦν 1 Οὗτος ὁ δρόμος τοῦ πυρὸς 1 τὸ πρὸς δυσμὰς πῦρ. τὸ ἐκδιῶκόν ἐστιὶ,High-density Greek OCR line; verify against page image/PDF before source-row import.
data/raw/1_enoch_charles_1912_djvu.txt,38272,translation and notes,1 Enoch 23,49,"ἐπορεύθην καὶ ἐθεασάμην"" ἑπτὰ ὄρη ἔνδοξα, πάντα ἑκάτερα τοί",High-density Greek OCR line; verify against page image/PDF before source-row import.
data/raw/1_enoch_charles_1912_djvu.txt,38273,translation and notes,1 Enoch 23,45,"ἑκατέρου διαλλάσσοντα, *dv οἱ λίθοι ἔντιμοι τῇ καλλονῇ 1"", κα",High-density Greek OCR line; verify against page image/PDF before source-row import.
data/raw/1_enoch_charles_1912_djvu.txt,38274,translation and notes,1 Enoch 23,53,"πάντα ἔντιμα καὶ ἔνδοξα καὶ εὐειδῆ, (τρία ἐπ᾽) ἀνατολὰς ἐστηριγμέ 16",High-density Greek OCR line; verify against page image/PDF before source-row import.
data/raw/1_enoch_charles_1912_djvu.txt,38275,translation and notes,1 Enoch 23,47,"(ἐν) ἐν τῷ ἑνί, καὶ τρία ἐπὶ νότον (ἐν) ἐν τῷ Evi. καὶ φάραγγες βαθεῖα",High-density Greek OCR line; verify against page image/PDF before source-row import.
data/raw/1_enoch_charles_1912_djvu.txt,38276,translation and notes,1 Enoch 23,41,"καὶ τραχεῖαι 33, μία τῇ μιᾷ οὐκ ἐγγίζουσαι, 8, καὶ [τῷ ὄρει]",High-density Greek OCR line; verify against page image/PDF before source-row import.
data/raw/1_enoch_charles_1912_djvu.txt,38284,translation and notes,1 Enoch 23,42,avrarodwoes. E = καὶ τῆς ἀνταποδόσεως. ἐφώδευσα eis ἄλλον τόπον τῆς γῆς. ',High-density Greek OCR line; verify against page image/PDF before source-row import.
data/raw/1_enoch_charles_1912_djvu.txt,38319,translation and notes,1 Enoch 23,50,"ἰβδομον ὄρος ἀνὰ μέσον τούτων, καὶ ὑπερεῖχεν τῷ ὕψει, ὅμοιον ἷ",High-density Greek OCR line; verify against page image/PDF before source-row import.
data/raw/1_enoch_charles_1912_djvu.txt,38320,translation and notes,1 Enoch 23,49,"᾿καθέδρᾳ θρόνου, καὶ περιεκύκλου δένδρα αὐτὸ 5 εὐειδῆ 5. 4. καὶ ἦν",High-density Greek OCR line; verify against page image/PDF before source-row import.
data/raw/1_enoch_charles_1912_djvu.txt,38321,translation and notes,1 Enoch 23,51,iy αὐτοῖς δένδρον ὃ οὐδέποτε ὥσφρανμαι καὶ οὐδεὶς ἕτερος αὐτῶν,High-density Greek OCR line; verify against page image/PDF before source-row import.
data/raw/1_enoch_charles_1912_djvu.txt,38327,translation and notes,1 Enoch 23,52,"ὑφράνθη"", καὶ οὐδὲν ἕτερον ὅμοιον αὐτῷ ὀσμὴν εἶχεν εὐωδεστέραν",High-density Greek OCR line; verify against page image/PDF before source-row import.
data/raw/1_enoch_charles_1912_djvu.txt,38330,translation and notes,1 Enoch 23,45,"ov ἀρωμάτων, καὶ τὰ φύλλα αὐτοῦ καὶ τὸ ἄνθος καὶ τὸ δένδρον",High-density Greek OCR line; verify against page image/PDF before source-row import.
data/raw/1_enoch_charles_1912_djvu.txt,38331,translation and notes,1 Enoch 23,44,"ὑ φθίνει εἰς τὸν αἰῶνα"" *ol δὲ περὶ τὸν καρπὸν "" ὡσεὶ βότρυες",High-density Greek OCR line; verify against page image/PDF before source-row import.
data/raw/1_enoch_charles_1912_djvu.txt,38332,translation and notes,1 Enoch 23,40,| ίκων. 5. τότε εἶπον “Qs! καλὸν τὸ δένδρον τοῦτό ἐστιν καὶ,High-density Greek OCR line; verify against page image/PDF before source-row import.
data/raw/1_enoch_charles_1912_djvu.txt,38333,translation and notes,1 Enoch 23,45,"Peades τ᾿ καὶ ὡραῖα τὰ φύλλα, καὶ τὰ ἄνθη αὐτοῦ ὡραῖα ὃ τῇ ὁράσει.",High-density Greek OCR line; verify against page image/PDF before source-row import.
data/raw/1_enoch_charles_1912_djvu.txt,38334,translation and notes,1 Enoch 23,46,". τότε ἀπεκρίθη μοι Μιχαήλ, εἷς τῶν ἁγίων ὃ ἀγγέλων ὃς per’ ἐμοῦ",High-density Greek OCR line; verify against page image/PDF before source-row import.
data/raw/1_enoch_charles_1912_djvu.txt,38337,translation and notes,1 Enoch 23,43,ἔλεις τὴν ἀλήθειαν μαθεῖν; 2. τότε ἀπεκρίθην 1' αὐτῷ 15 Περὶ,High-density Greek OCR line; verify against page image/PDF before source-row import.
data/raw/1_enoch_charles_1912_djvu.txt,38338,translation and notes,1 Enoch 23,46,"wv, εἰδέναι θέλω, μάλιστα δὲ περὶ τοῦ δένδρου τούτου. σφόδρα.",High-density Greek OCR line; verify against page image/PDF before source-row import.
data/raw/1_enoch_charles_1912_djvu.txt,38339,translation and notes,1 Enoch 23,41,"pp eet ἀπεκρίθη λέγων Τοῦτο τὸ ὄρος τὸ ὑψηλόν 15, οὗ ἡ κορυφὴ",High-density Greek OCR line; verify against page image/PDF before source-row import.
data/raw/1_enoch_charles_1912_djvu.txt,38340,translation and notes,1 Enoch 23,45,"2 θρόνου θεοῦ, καθέδρα ᾽"" ἐστὶν οὗ καθίζει'5 Ἐὸ μέγας κύριος,",High-density Greek OCR line; verify against page image/PDF before source-row import.
data/raw/1_enoch_charles_1912_djvu.txt,38343,translation and notes,1 Enoch 23,52,αἱ οὐδεμία σὰρξ ἐξουσίαν ἔχει ἅψασθαι αὐτοῦ μέχρι τῆς μεγάλης,High-density Greek OCR line; verify against page image/PDF before source-row import.
data/raw/1_enoch_charles_1912_djvu.txt,38347,translation and notes,1 Enoch 23,45,"ἴσεως, ev'® 7 ἐκδίκησις πάντων Kal τελείωσις μέχρις αἰῶνος τότε",High-density Greek OCR line; verify against page image/PDF before source-row import.
data/raw/1_enoch_charles_1912_djvu.txt,38350,translation and notes,1 Enoch 23,43,ικαίοις καὶ doles δοθήσεται. 5. *6 καρπὸς αὐτοῦ τοῖς ἐκλεκτοῖς,High-density Greek OCR line; verify against page image/PDF before source-row import.
data/raw/1_enoch_charles_1912_djvu.txt,38357,translation and notes,1 Enoch 23,44,6. τότε εὐφρανθήσονται εὐφραινόμενοι καὶ χαρήσονται,High-density Greek OCR line; verify against page image/PDF before source-row import.
data/raw/1_enoch_charles_1912_djvu.txt,38431,translation and notes,1 Enoch 23,43,"7. Τότε ηὐλόγησα "" τὸν θεὸν τῆς δόξης, τὸν βασιλέα * 700 αἰῶνος 3,",High-density Greek OCR line; verify against page image/PDF before source-row import.
data/raw/1_enoch_charles_1912_djvu.txt,38432,translation and notes,1 Enoch 23,52,"ἡτοίμασεν ᾿ ἀνθρώποις τὰ τοιαῦτα δικαίοις *, καὶ αὐτὰ ἔκτισεν κα",High-density Greek OCR line; verify against page image/PDF before source-row import.
data/raw/1_enoch_charles_1912_djvu.txt,38439,translation and notes,1 Enoch 23,46,"ΧΧΨΥῚ. Καὶ ἐκεῖθεν ἐφώδευσα εἰς τὸ μέσον τῆς γῆς, καὶ ἴδον",High-density Greek OCR line; verify against page image/PDF before source-row import.
data/raw/1_enoch_charles_1912_djvu.txt,38442,translation and notes,1 Enoch 23,52,"τόπον ηὐλογημένον, ἐν ᾧ [δένδρα ἔχοντα! παραφυάδας μενούσας καὶ",High-density Greek OCR line; verify against page image/PDF before source-row import.
data/raw/1_enoch_charles_1912_djvu.txt,38443,translation and notes,1 Enoch 23,43,βλαστούσας [τοῦ δένδρου ἐκκοπέντος ]. 2. κἀκεῖ τεθέαμαι dpos,High-density Greek OCR line; verify against page image/PDF before source-row import.
data/raw/1_enoch_charles_1912_djvu.txt,38444,translation and notes,1 Enoch 23,45,"ἅγιον 6. ὑποκάτω τοῦ ὄρους ὕδωρ ἐξ ἀνατολῶν, καὶ τὴν t+ δύσιν F '",High-density Greek OCR line; verify against page image/PDF before source-row import.
data/raw/1_enoch_charles_1912_djvu.txt,38445,translation and notes,1 Enoch 23,46,"εἶχεν πρὸς νότον. 8, καὶ ἴδον πρὸς ἀνατολὰς ἄλλο ὄρος ὑψηλό-",High-density Greek OCR line; verify against page image/PDF before source-row import.
data/raw/1_enoch_charles_1912_djvu.txt,38446,translation and notes,1 Enoch 23,52,"τερον τούτου, καὶ ἀνὰ μέσον αὐτοῦ Ἱ φάραγγα βαθεῖαν, οὐκ ἔχουσαν",High-density Greek OCR line; verify against page image/PDF before source-row import.
data/raw/1_enoch_charles_1912_djvu.txt,38447,translation and notes,1 Enoch 23,46,"πλάτος, καὶ δι’ αὐτῆς ὕδωρ πορεύεται Γὑποκάτω"" ὑπὸ τὸ ὄρος.",High-density Greek OCR line; verify against page image/PDF before source-row import.
data/raw/1_enoch_charles_1912_djvu.txt,38448,translation and notes,1 Enoch 23,54,καὶ πρὸς δυσμὰς τούτου ἄλλο ὄρος ταπεινότερον αὐτοῦ καὶ οὐκ ἔχον,High-density Greek OCR line; verify against page image/PDF before source-row import.
data/raw/1_enoch_charles_1912_djvu.txt,38449,translation and notes,1 Enoch 23,46,"ὕψος, καὶ φάραγγα ᾿βαθεῖαν καὶ ξηρὰν 15 ἀνὰ μέσον αὐτῶν, καὶ",High-density Greek OCR line; verify against page image/PDF before source-row import.
data/raw/1_enoch_charles_1912_djvu.txt,38450,translation and notes,1 Enoch 23,50,ἄλλην φάραγγα βαθεῖαν καὶ ξηρὰν ἐπ᾽ ἄκρων τῶν τριῶν Γὀρέων. ὕ,High-density Greek OCR line; verify against page image/PDF before source-row import.
data/raw/1_enoch_charles_1912_djvu.txt,38451,translation and notes,1 Enoch 23,46,"καὶ ἔπᾶσαι papayyés ὃ εἰσιν βαθεῖαι 19 ἐκ πέτρας στερεᾶς, καὶ δένδρο.",High-density Greek OCR line; verify against page image/PDF before source-row import.
data/raw/1_enoch_charles_1912_djvu.txt,38452,translation and notes,1 Enoch 23,45,"οὐκ ἐφυτεύετο ἐπ’ αὐτάς. 6, καὶ ἐθαύμασα 11 περὶ τῆς φάραγγος",High-density Greek OCR line; verify against page image/PDF before source-row import.
data/raw/1_enoch_charles_1912_djvu.txt,38453,translation and notes,1 Enoch 23,41,"καὶ λίαν ἐθαύμασα. ΧΧΥΊΤΙ, καὶ 13 εἶπον Διὰ τί ἡ γῆ. αὕτη i",High-density Greek OCR line; verify against page image/PDF before source-row import.
data/raw/1_enoch_charles_1912_djvu.txt,38454,translation and notes,1 Enoch 23,51,"εὐλογημένη καὶ πᾶσα πλήρης δένδρων, αὕτη δὲ ἡ φάραγξ κεκατήρο",High-density Greek OCR line; verify against page image/PDF before source-row import.
data/raw/1_enoch_charles_1912_djvu.txt,38455,translation and notes,1 Enoch 23,41,"μένη ἐσεῖν ον γι, 2. γῆ 15 κατάρατος τοῖς κεκαταραμένο ς",High-density Greek OCR line; verify against page image/PDF before source-row import.
data/raw/1_enoch_charles_1912_djvu.txt,38456,translation and notes,1 Enoch 23,49,ἐστὶν μέχρι αἰῶνος. ὧδε ἐπισυναχθήσονται πάντες “ol κεκατηρα,High-density Greek OCR line; verify against page image/PDF before source-row import.
data/raw/1_enoch_charles_1912_djvu.txt,38463,translation and notes,1 Enoch 23,48,"ἀπρεπῆ, καὶ περὶ τῆς δόξης αὐτοῦ σκληρὰ λαλήσουσιν. ὧδε ἐπι-",High-density Greek OCR line; verify against page image/PDF before source-row import.
data/raw/1_enoch_charles_1912_djvu.txt,38464,translation and notes,1 Enoch 23,46,"συναχθήσονται, καὶ ὧδε ἔσται τὸ οἰκητήριον 15, 8. ἐπ᾽ ἐσχάτοι",High-density Greek OCR line; verify against page image/PDF before source-row import.
data/raw/1_enoch_charles_1912_djvu.txt,38467,translation and notes,1 Enoch 23,48,"αἰῶσιν, *éy ταῖς ἡμέραις 11 τῆς κρίσεως τῆς ἀληθινῆς ἐναντίον τῶ",High-density Greek OCR line; verify against page image/PDF before source-row import.
data/raw/1_enoch_charles_1912_djvu.txt,38491,translation and notes,1 Enoch 23,53,ἡικαίων εἰς τὸν ἅπαντα χρόνον. ὧδε εὐλογήσουσιν οἱ εὐσεβεῖς ' τὸν,High-density Greek OCR line; verify against page image/PDF before source-row import.
data/raw/1_enoch_charles_1912_djvu.txt,38492,translation and notes,1 Enoch 23,43,"κύριον τῆς δόξης, τὸν βασιλέα * rod αἰῶνος 5, 4. ἐν ταῖς ἡμέραις",High-density Greek OCR line; verify against page image/PDF before source-row import.
data/raw/1_enoch_charles_1912_djvu.txt,38493,translation and notes,1 Enoch 23,51,"τῆς κρίσεως αὐτῶν εὐλογήσουσιν ἐν ἐλέει δ, ὡς ἐμέρισεν αὐτοῖς.",High-density Greek OCR line; verify against page image/PDF before source-row import.
data/raw/1_enoch_charles_1912_djvu.txt,38494,translation and notes,1 Enoch 23,43,"ἡ, Τότε ηὐλόγησα τὸν κύριον τῆς δόξης, καὶ ‘thy δόξαν!) αὐτοῦ",High-density Greek OCR line; verify against page image/PDF before source-row import.
data/raw/1_enoch_charles_1912_djvu.txt,38497,translation and notes,1 Enoch 23,48,"αὶ ἴδον αὐτὸ ἴ ἔρημον καὶ αὐτὸ μόνον, πλήρης δένδρων"" fF καὶ ἀπὸ",High-density Greek OCR line; verify against page image/PDF before source-row import.
data/raw/1_enoch_charles_1912_djvu.txt,38499,translation and notes,1 Enoch 23,45,"ἐνὸν 11 ὡς ὑδραγωγὸς δαψιλὴς ᾿"" ὡς 15 Ἐπρὸς βορρᾶν ἐπὶ δυσμῶν 15",High-density Greek OCR line; verify against page image/PDF before source-row import.
data/raw/1_enoch_charles_1912_djvu.txt,38501,translation and notes,1 Enoch 23,40,κεῖθεν 18 ἐπορεύθην εἰς ἄλλον τόπον Ἐὲν τῷ 11 Eanes 18. καὶ 19. πρὸς,High-density Greek OCR line; verify against page image/PDF before source-row import.
data/raw/1_enoch_charles_1912_djvu.txt,38521,translation and notes,1 Enoch 23,42,"ἱνατολὰς τοῦ ὄρους τούτου φχόμην, 2. καὶ 39 ἴδον κρίσεως “1",High-density Greek OCR line; verify against page image/PDF before source-row import.
data/raw/1_enoch_charles_1912_djvu.txt,38522,translation and notes,1 Enoch 23,48,"ἐνὸρα πνέοντα 552 ἀρωμάτων λιβάνων καὶ ζμύρνης 33, καὶ τὰ δένδρα",High-density Greek OCR line; verify against page image/PDF before source-row import.
data/raw/1_enoch_charles_1912_djvu.txt,38528,translation and notes,1 Enoch 23,48,", καὶ τὰ παρὰ τὰ χείλη τῶν φαράγγων τούτων ἴδον Ἐκιννάμωμον",High-density Greek OCR line; verify against page image/PDF before source-row import.
data/raw/1_enoch_charles_1912_djvu.txt,38537,translation and notes,1 Enoch 23,46,"ΓΧΧΙ. καὶ ἴδον ἄλλα ὄρη καὶ ἐν αὐτοῖς Γἄλση! δένδρων, καὶ ἐκ-",High-density Greek OCR line; verify against page image/PDF before source-row import.
data/raw/1_enoch_charles_1912_djvu.txt,38603,translation and notes,1 Enoch 23,45,"Γπρὸς ἀνατολὰς τῶν περάτων τῆς γῆς"", καὶ πάντα τὰ δένδρα",High-density Greek OCR line; verify against page image/PDF before source-row import.
data/raw/1_enoch_charles_1912_djvu.txt,38611,translation and notes,1 Enoch 23,42,* εἰς βορρᾶν 1: ‘pds ἀνατολὰς! τεθέαμαι ἑπτὰ ὄρη πλήρη νάῤδε,High-density Greek OCR line; verify against page image/PDF before source-row import.
data/raw/1_enoch_charles_1912_djvu.txt,38618,translation and notes,1 Enoch 23,40,χρηστοῦ καὶ * σχίνου 13 καὶ κινναμώμου καὶ πιπέρεως.,High-density Greek OCR line; verify against page image/PDF before source-row import.
data/raw/1_enoch_charles_1912_djvu.txt,38620,translation and notes,1 Enoch 23,41,2. Καὶ ἐκεῖθεν ἐφόδευσα ἐπὶ 15 τὰς ἀρχὰς 'πάντων! τῶν ὁρέ :,High-density Greek OCR line; verify against page image/PDF before source-row import.
data/raw/1_enoch_charles_1912_djvu.txt,38621,translation and notes,1 Enoch 23,46,"τούτων, μακρὰν ἀπέχων πρὸς ἀνατολὰς ‘rhs γῆς"", καὶ διέβην ἐπάν ;",High-density Greek OCR line; verify against page image/PDF before source-row import.
data/raw/1_enoch_charles_1912_djvu.txt,38622,translation and notes,1 Enoch 23,47,"τῆς ἐρυθρᾶς θαλάσσης, καὶ φχόμην “ἐπ᾽ Ακρων; καὶ ἀπὸ τούτου ™",High-density Greek OCR line; verify against page image/PDF before source-row import.
data/raw/1_enoch_charles_1912_djvu.txt,38623,translation and notes,1 Enoch 23,45,διέβην ἐπάνω 1 τοῦ Ζωτιήλ. 8. καὶ ἦλθον 156 πρὸς τὸν παράδεισοι,High-density Greek OCR line; verify against page image/PDF before source-row import.
data/raw/1_enoch_charles_1912_djvu.txt,38624,translation and notes,1 Enoch 23,53,"τῆς δικαιοσύνης, καὶ ἴδον Ἔμακρόθεν τῶν δένδρων τούτων 17 δένδρ αι",High-density Greek OCR line; verify against page image/PDF before source-row import.
data/raw/1_enoch_charles_1912_djvu.txt,38636,translation and notes,1 Enoch 23,49,"ἐσθίουσιν. Γἁγίου τοῦ καρποῦ αὐτοῦ"" “ καὶ ἐπίστανται φρόνησι",High-density Greek OCR line; verify against page image/PDF before source-row import.
data/raw/1_enoch_charles_1912_djvu.txt,38637,translation and notes,1 Enoch 23,43,"μεγάλην. 4, ὅμοιον ‘rd δένδρον ἐκεῖνο στροβιλέᾳ τὸ ὕψος, τὸ",High-density Greek OCR line; verify against page image/PDF before source-row import.
data/raw/1_enoch_charles_1912_djvu.txt,38638,translation and notes,1 Enoch 23,42,"δὲ φύλλα αὐτοῦ"" 35 κερατίᾳ ** ὅμοια, ὁ δὲ καρπὸς αὐτοῦ ὡσεὶ Pdrpve:",High-density Greek OCR line; verify against page image/PDF before source-row import.
data/raw/1_enoch_charles_1912_djvu.txt,38639,translation and notes,1 Enoch 23,46,"ἀμπέλου ἱλαροὶ λίαν, ἣ δὲ ὀσμὴ αὐτοῦ διέτρεχεν πόρρω ἀπὸ TO",High-density Greek OCR line; verify against page image/PDF before source-row import.
data/raw/1_enoch_charles_1912_djvu.txt,38640,translation and notes,1 Enoch 23,42,"δένδρου. 5. τότε 35 εἶπον “Qs! καλὸν τὸ δένδρον, καὶ ὡς ἐπίχαρι ;",High-density Greek OCR line; verify against page image/PDF before source-row import.
data/raw/1_enoch_charles_1912_djvu.txt,38646,translation and notes,1 Enoch 23,49,"ἐμοῦ ὦν, Τοῦτο τὸ δένδρον Φρυνήσεως, ἐξ οὗ ἔφαγεν ὃ ὁ πατήρ σου.",High-density Greek OCR line; verify against page image/PDF before source-row import.
data/raw/1_enoch_charles_1912_djvu.txt,38722,translation and notes,1 Enoch 23,46,"πλησίον αὐτῶν, ὅτι εἰς τὸν αἰῶνα οὐ μὴ ἀποστῇ an’ αὐτοῦ ψῦχος",High-density Greek OCR line; verify against page image/PDF before source-row import.
data/raw/1_enoch_charles_1912_djvu.txt,38723,translation and notes,1 Enoch 23,45,"χιὼν καὶ πάχνη καὶ δρόσος οὐ μὴ καταβῇ εἰς αὐτό, εἰ μὴ εἰς",High-density Greek OCR line; verify against page image/PDF before source-row import.
data/raw/1_enoch_charles_1912_djvu.txt,38724,translation and notes,1 Enoch 23,44,"τι καταβήσεται ἐπ᾽ αὐτό, μέχρις ἡμέρας κρίδεως τῆς ΕΝ",High-density Greek OCR line; verify against page image/PDF before source-row import.
data/raw/1_enoch_charles_1912_djvu.txt,38725,translation and notes,1 Enoch 23,50,καιρῷ ἐκείνῳ κατακαυθήσεται καὶ ταπεινωθήσεται καὶ ἔσται,High-density Greek OCR line; verify against page image/PDF before source-row import.
data/raw/1_enoch_charles_1912_djvu.txt,38726,translation and notes,1 Enoch 23,53,"καιόμενον καὶ τηκόμενον ὡς κηρὸς ἀπὸ πυρός, οὕτως κατακαήσεται",High-density Greek OCR line; verify against page image/PDF before source-row import.
data/raw/1_enoch_charles_1912_djvu.txt,38727,translation and notes,1 Enoch 23,46,pt πάντων τῶν ἔργων αὐτοῦ. καὶ νῦν ἐγὼ λέγω ὑμῖν υἱοῖς ἀνθρώ-,High-density Greek OCR line; verify against page image/PDF before source-row import.
data/raw/1_enoch_charles_1912_djvu.txt,38728,translation and notes,1 Enoch 23,46,"iv, , ὀργὴ μεγάλη καθ᾽ ὑμῶν, κατὰ τῶν υἱῶν ὑμῶν, καὶ οὐ παύσεται",High-density Greek OCR line; verify against page image/PDF before source-row import.
data/raw/1_enoch_charles_1912_djvu.txt,38729,translation and notes,1 Enoch 23,42,"py) αὕτη ἀφ᾽ ὑμῶν, μέχρὶ καιροῦ σφαγῆς τῶν υἱῶν ὑμῶν. καὶ",High-density Greek OCR line; verify against page image/PDF before source-row import.
data/raw/1_enoch_charles_1912_djvu.txt,38730,translation and notes,1 Enoch 23,51,οῦνται οἱ ἀγαπητοὶ ὑμῶν καὶ ἀποθανοῦνται οἱ ἔντιμοι ὑμῶν ἀπὸ,High-density Greek OCR line; verify against page image/PDF before source-row import.
data/raw/1_enoch_charles_1912_djvu.txt,38732,translation and notes,1 Enoch 23,51,ἔσονται πλείω τῶν ἑκατὸν εἴκοσιν ἐτῶν. καὶ μὴ δύξητε ἔτι ζῆσαι,High-density Greek OCR line; verify against page image/PDF before source-row import.
data/raw/1_enoch_charles_1912_djvu.txt,38733,translation and notes,1 Enoch 23,47,"ὶ πλείονα ἔτη"" οὐ γὰρ ἐστὶν én’ αὐτοῖς πᾶσα ὁδὸς ἐκφεύξεως ἀπὸ",High-density Greek OCR line; verify against page image/PDF before source-row import.
data/raw/1_enoch_charles_1912_djvu.txt,38734,translation and notes,1 Enoch 23,46,Ὁ νῦν διὰ τὴν ὀργὴν ἣν ὠργίσθη ὑμῖν ὁ βασιλεὺς πάντων τῶν,High-density Greek OCR line; verify against page image/PDF before source-row import.
data/raw/1_enoch_charles_1912_djvu.txt,38737,translation and notes,1 Enoch 23,49,[αἱ ταῦτα μὲν ἐκ τοῦ πρώτου βιβλίου ᾿Ενὼχ περὶ τῶν ἐγρηγόρων.,High-density Greek OCR line; verify against page image/PDF before source-row import.
