“language”,“lemma”,“transliteration”,“meaning”,“english_renderings”,“first_reference”,“footnote”
“Greek”,“δικαίωσις”,“dikaiōsis”,“justification; acquittal”,“justification”,“Romans 4:25”,“A judicial term closely related to justification in Pauline theology.”
“Greek”,“υἱοθεσία”,“huiothesia”,“adoption as a son”,“adoption”,“Romans 8:15”,“A distinctly Pauline term for filial adoption and inheritance.”
“Greek”,“μεσίτης”,“mesitēs”,“mediator; go-between”,“mediator”,“Galatians 3:19”,“A covenantal and redemptive term, especially important in Hebrews.”
“Greek”,“παρουσία”,“parousia”,“presence; coming”,“coming; presence”,“Matthew 24:3”,“In eschatological contexts this term commonly denotes the coming of Christ.”
“Greek”,“ἐπιφάνεια”,“epiphaneia”,“appearing; manifestation”,“appearing”,“2 Thessalonians 2:8”,“Used especially for the manifest appearing of Christ.”
“Greek”,“καταλλαγή”,“katallagē”,“reconciliation”,“reconciliation”,“Romans 5:11”,“A major Pauline salvation term for restored relation with God.”
“Greek”,“μονογενής”,“monogenēs”,“only begotten; one of a kind”,“only begotten”,“Luke 7:12”,“In Johannine theology this term is especially important in relation to the Son.”
“Greek”,“πρωτότοκος”,“prōtotokos”,“firstborn”,“firstborn”,“Matthew 1:25”,“A major Christological term with legal, familial, and rank-related force.”
“Greek”,“αἰών”,“aiōn”,“age; world”,“world; age”,“Genesis 9:12”,“Can denote an age, a long duration, or the world-order depending on context.”
“Greek”,“αἰώνιος”,“aiōnios”,“eternal; age-lasting”,“eternal; everlasting”,“Genesis 9:16”,“Often describes what belongs to the age to come or endures forever.”
“Greek”,“κληρονομία”,“klēronomia”,“inheritance; heritage”,“inheritance”,“Numbers 26:53”,“A major covenantal term for allotted possession and promised inheritance.”
“Greek”,“κληρονόμος”,“klēronomos”,“heir”,“heir”,“Matthew 21:38”,“Important in covenant, sonship, and eschatological inheritance passages.”
“Greek”,“πνευματικός”,“pneumatikos”,“spiritual”,“spiritual”,“1 Corinthians 2:13”,“Describes what pertains to the Spirit or is characterized by the Spirit.”
“Greek”,“σαρκικός”,“sarkikos”,“fleshly; carnal”,“carnal; fleshly”,“Romans 7:14”,“In Paul this often contrasts life shaped by the flesh with life shaped by the Spirit.”
“Greek”,“σφραγίζω”,“sphragizō”,“to seal”,“seal”,“Job 9:7”,“The verb can denote sealing for authentication, protection, or confirmation.”
“Greek”,“ἀρραβών”,“arrabōn”,“pledge; earnest; down payment”,“earnest”,“2 Corinthians 1:22”,“Used by Paul for the Spirit as the pledge of what is to come.”
“Hebrew”,“חֶסֶד”,“chesed”,“steadfast love; covenant mercy; lovingkindness”,“mercy; lovingkindness”,“Genesis 19:19”,“A major covenant term for loyal love, mercy, and faithful kindness.”
“Hebrew”,“אֱמוּנָה”,“emunah”,“faithfulness; firmness; steadiness”,“faithfulness”,“Exodus 17:12”,“Often denotes steadiness, fidelity, or faithfulness rather than mere belief.”
“Hebrew”,“צֶדֶק”,“tsedeq”,“righteousness; justice”,“righteousness”,“Genesis 15:6”,“A foundational righteousness term closely related to right order and justice.”
“Hebrew”,“צְדָקָה”,“tsedaqah”,“righteousness; righteous act”,“righteousness”,“Genesis 15:6”,“Often overlaps with צדק but can emphasize righteous conduct or status.”
“Hebrew”,“מִשְׁפָּט”,“mishpat”,“judgment; justice; ordinance”,“judgment; justice”,“Genesis 18:19”,“A central legal and ethical term for judgment, justice, and due order.”
“Hebrew”,“שָׁלוֹם”,“shalom”,“peace; wholeness; well-being”,“peace”,“Genesis 15:15”,“A rich biblical term for peace, completeness, welfare, and harmony.”
“Hebrew”,“בְּרִית”,“berith”,“covenant”,“covenant”,“Genesis 6:18”,“One of the most important biblical terms for covenant relationship and obligation.”
“Hebrew”,“קָדוֹשׁ”,“qadosh”,“holy; set apart”,“holy”,“Exodus 3:5”,“The core Hebrew holiness term for what is set apart to God.”
“Hebrew”,“גָּאַל”,“gaal”,“to redeem; act as kinsman-redeemer”,“redeem”,“Genesis 48:16”,“A family-redemption term important in law, narrative, and theology.”
“Hebrew”,“פָּדָה”,“padah”,“to ransom; redeem”,“redeem”,“Exodus 13:13”,“Emphasizes redemption by payment, substitution, or deliverance.”
“Hebrew”,“יָשַׁע”,“yasha”,“to save; deliver”,“save”,“Exodus 14:30”,“The principal Hebrew salvation verb, denoting rescue and deliverance.”
“Hebrew”,“רַחֲמִים”,“rachamim”,“compassion; mercies”,“mercies; compassion”,“Genesis 43:14”,“A deep compassion term often associated with tender mercy.”
“Hebrew”,“חֵן”,“chen”,“favor; grace”,“grace; favor”,“Genesis 6:8”,“A major term for favor graciously shown.”
“Hebrew”,“כָּבוֹד”,“kavod”,“glory; honor; weight”,“glory; honour”,“Exodus 16:7”,“Its root sense of weight helps explain its use for honor and divine glory.”
“Hebrew”,“שֵׁם”,“shem”,“name”,“name”,“Genesis 2:11”,“In Hebrew thought a name often carries identity, reputation, and authority.”
“Hebrew”,“רוּחַ”,“ruach”,“spirit; wind; breath”,“spirit; wind”,“Genesis 1:2”,“A major term for spirit, breath, or wind, with meaning determined by context.”
“Hebrew”,“נֶפֶשׁ”,“nephesh”,“soul; life; living being”,“soul; life”,“Genesis 1:20”,“Often denotes the living self or life rather than an abstract immaterial soul.”
“Hebrew”,“לֵב”,“lev”,“heart”,“heart”,“Genesis 6:5”,“The heart in Hebrew anthropology is the center of thought, will, and desire.”
“Hebrew”,“דָּבָר”,“davar”,“word; matter; thing”,“word; thing”,“Genesis 11:1”,“A broad and important term for word, matter, event, or affair.”
“Hebrew”,“חָכְמָה”,“chokmah”,“wisdom”,“wisdom”,“Exodus 28:3”,“A major biblical term for wisdom, skill, and God-given understanding.”
“Hebrew”,“יָרֵא”,“yare”,“to fear; revere”,“fear; reverence”,“Genesis 22:12”,“A covenantally important verb for fear, awe, and reverent obedience.”