ref,book_name,chapter,verse,importance,priority_score,decision_count,footnote_count,nt_parallel_count,nt_parallel_weight,nt_parallel_refs,crossref_top_vote,crossref_nt_count,crossref_shared_family_hits,english_witness_checked,english_witness_fresh_support,english_witness_brenton_support,english_witness_mt_support,english_witness_differs_all,english_witness_split_or_mixed,english_witness_signals,english_witness_recommendation,nt_english_checked,nt_english_support_family,nt_english_softens_family,nt_english_mixed,nt_english_signals,nt_english_recommendation,logos_local_checked,logos_local_scopes,logos_local_source_tools,logos_local_signals,logos_local_supports,logos_local_confidence,logos_local_recommendation,keyword_hits,reasons,fresh_translation,brenton_translation,_source_index
Exodus 20:24,Exodus,20,24,high,35,2,2,3,3,"Acts 15:17, James 2:7, Romans 2:17",43,0,4,2,1,0,0,0,1,unclear,,9,3,3,3,"literal_support, smoothing, translation_tradition",keep,1,soteria-sacrifice-formula,AutoComplete.db WordSense; Bible Word Study; Factbook; recent history,lexical_support,salvation-shaped rendering,high,keep,"altar, name, peace, sacrifice, salvation","decisions=2; footnotes=2; importance=high; keywords=altar, name, peace, sacrifice, salvation; nt=Acts 15:17, James 2:7, Romans 2:17; crossref_top_vote=43; crossref_shared_family=4; eng=fresh:1/brenton:0/mt:0; eng_flags=unclear; nt_eng=support:3/soften:3/mixed:3; nt_eng_reco=keep; nt_eng_flags=literal_support, smoothing, translation_tradition; logos=1; logos_reco=keep; logos_flags=lexical_support; logos_support=salvation-shaped rendering","""You shall make me an altar of earth, and upon it you shall sacrifice your whole burnt offerings and your offerings of salvation, your sheep and your calves. In every place where I cause my name to be called, I will come to you and bless you.""","Ye shall make to me an altar of earth; and upon it ye shall sacrifice your whole burnt-offerings, and your peace-offerings, and your sheep and your calves in every place, where I shall record my name; and I will come to thee and bless thee.",9
Exodus 24:5,Exodus,24,5,high,19,1,1,0,0,,3,0,2,2,1,1,0,0,0,smoothing_issue,,0,0,0,0,,,1,soteria-sacrifice-formula,AutoComplete.db WordSense; Bible Word Study; Factbook; recent history,lexical_support,salvation-shaped rendering,high,keep,"god, peace, salvation","decisions=1; footnotes=1; importance=high; keywords=god, peace, salvation; crossref_top_vote=3; crossref_shared_family=2; eng=fresh:1/brenton:1/mt:0; eng_flags=smoothing_issue; logos=1; logos_reco=keep; logos_flags=lexical_support; logos_support=salvation-shaped rendering","And he sent the young men of the sons of Israel, and they offered whole burnt offerings and sacrificed calves as offerings of salvation to God.","And he sent forth the young men of the children of Israel, and they offered whole burnt-offerings, and they sacrificed young calves as a peace-offering to God.",10
Leviticus 3:1,Leviticus,3,1,high,23,1,1,0,0,,4,4,3,2,1,0,0,0,1,unclear,,0,0,0,0,,,1,soteria-sacrifice-formula,AutoComplete.db WordSense; Bible Word Study; Factbook; recent history,lexical_support,salvation-shaped rendering,high,keep,"lord, peace, sacrifice, salvation","decisions=1; footnotes=1; importance=high; keywords=lord, peace, sacrifice, salvation; crossref_top_vote=4; crossref_shared_family=3; eng=fresh:1/brenton:0/mt:0; eng_flags=unclear; logos=1; logos_reco=keep; logos_flags=lexical_support; logos_support=salvation-shaped rendering","And if his gift to the Lord is a sacrifice of salvation, if he brings it from the cattle, whether male or female, he shall bring it without blemish before the Lord.","And if his gift to the Lord be a peace-offering, if he should bring it of the oxen, whether it be male or whether it be female, he shall bring it unblemished before the Lord.",13
Leviticus 4:3,Leviticus,4,3,high,19,1,1,0,0,,5,3,0,0,0,0,0,0,0,,,0,0,0,0,,,0,,,,,,,"anointed, lord, priest, sin","decisions=1; footnotes=1; importance=high; keywords=anointed, lord, priest, sin; crossref_top_vote=5","if the anointed high priest sins so as to make the people sin, then he shall bring for his sin that he sinned a calf from the cattle, without blemish, to the Lord for his sin.","if the anointed priest sin so as to cause the people to sin, then shall he bring for his sin, which he has sinned, an unblemished calf of the herd to the Lord for his sin.",14
Leviticus 4:31,Leviticus,4,31,low,21,0,0,0,0,,6,2,2,2,1,0,0,1,0,unclear,,0,0,0,0,,,1,soteria-sacrifice-formula,AutoComplete.db WordSense; Bible Word Study; Factbook; recent history,lexical_support,salvation-shaped rendering,high,keep,"altar, lord, peace, priest, sacrifice, salvation, sin","importance=low; keywords=altar, lord, peace, priest, sacrifice, salvation; crossref_top_vote=6; crossref_shared_family=2; eng=fresh:1/brenton:0/mt:0; eng_flags=unclear; logos=1; logos_reco=keep; logos_flags=lexical_support; logos_support=salvation-shaped rendering","And he shall remove all the fat, just as the fat is removed from the sacrifice of salvation, and the priest shall offer it on the altar as an aroma of sweet fragrance to the Lord. And the priest shall make atonement for him, and it shall be forgiven him.","And he shall take away all the fat, as the fat is taken away from the sacrifice of peace-offering, and the priest shall offer it on the altar for a smell of sweet savour to the Lord; and the priest shall make atonement for him, and his sin shall be forgiven him.",15
Leviticus 7:32,Leviticus,7,32,high,24,1,1,0,0,,5,1,2,2,0,0,0,0,2,unclear,needs_logos,0,0,0,0,,,1,soteria-sacrifice-formula,AutoComplete.db WordSense; Bible Word Study; Factbook; recent history,lexical_support,salvation-shaped rendering,high,keep,"peace, priest, salvation","decisions=1; footnotes=1; importance=high; keywords=peace, priest, salvation; crossref_top_vote=5; crossref_shared_family=2; eng=fresh:0/brenton:0/mt:0; eng_reco=needs_logos; eng_flags=unclear; logos=1; logos_reco=keep; logos_flags=lexical_support; logos_support=salvation-shaped rendering",And you shall give the right arm as a contribution to the priest from your sacrifices of salvation.,and ye shall give the right shoulder for a choice piece to the priest of your sacrifices of peace-offering.,16
Leviticus 18:21,Leviticus,18,21,high,19,1,1,0,0,,10,1,0,0,0,0,0,0,0,,,0,0,0,0,,,0,,,,,,,"holy, lord, name, seed","decisions=1; footnotes=1; importance=high; keywords=holy, lord, name, seed; crossref_top_vote=10","And from your seed you shall not give to serve a ruler, and you shall not profane my holy name. I am the Lord.",And thou shalt not give of thy seed to serve a ruler; and thou shalt not profane my holy name; I am the Lord.,17
Numbers 12:8,Numbers,12,8,high,17,1,1,0,0,,14,4,0,0,0,0,0,0,0,,,0,0,0,0,,,0,,,,,,,"glory, lord, servant","decisions=1; footnotes=1; importance=high; keywords=glory, lord, servant; crossref_top_vote=14","Mouth to mouth I will speak to him, in visible form and not by riddles, and he has seen the glory of the Lord. And why were you not afraid to speak against my servant Moses?","I will speak to him mouth to mouth apparently, and not in dark speeches; and he has seen the glory of the Lord; and why were ye not afraid to speak against my servant Moses?",21
Numbers 18:19,Numbers,18,19,high,18,1,1,0,0,,6,0,0,0,0,0,0,0,0,,,0,0,0,0,,,0,,,,,,,"covenant, holy, lord, seed","decisions=1; footnotes=1; importance=high; keywords=covenant, holy, lord, seed; crossref_top_vote=6","All the contributions of the holy things, whatever the sons of Israel remove for the Lord, I have given to you and to your sons and your daughters with you, an everlasting statute. It is a covenant of everlasting salt before the Lord for you and for your seed after you.","Every special offering of the holy things, whatsoever the children of Israel shall specially offer to the Lord, I have given to thee and to thy sons and to thy daughters with thee, a perpetual ordinance: it is a covenant of salt for ever before the Lord, for thee and thy seed after thee.",22
Deuteronomy 2:30,Deuteronomy,2,30,high,19,1,1,0,0,,8,1,0,0,0,0,0,0,0,,,0,0,0,0,,,0,,,,,,,"god, king, lord, spirit","decisions=1; footnotes=1; importance=high; keywords=god, king, lord, spirit; crossref_top_vote=8","And Sihon king of Heshbon was not willing to let us pass through him, because the Lord our God hardened his spirit and strengthened his heart, so that he might be handed into your hands, as at this day.","And Seon king of Esebon would not that we should pass by him, because the Lord our God hardened his spirit, and made his heart stubborn, that he might be delivered into thy hands, as on this day.",24
Joshua 22:5,Joshua,22,5,medium,15,0,0,0,0,,49,4,0,0,0,0,0,0,0,,,0,0,0,0,,,0,,,,,,,"god, law, lord, servant, soul","importance=medium; keywords=god, law, lord, servant, soul; crossref_top_vote=49","Only take great care to do the commandments and the law that Moses the servant of the Lord commanded us to do: to love the Lord your God, to walk in all his ways, to keep his commandments, and to cling to him and serve him with all your mind and with all your soul.","But take great heed to do the commands and the law, which Moses the servant of the Lord commanded you to do; to love the Lord our God, to walk in all his ways, to keep his commands, and to cleave to him, and serve him with all your mind, and with all your soul.",30
Joshua 22:23,Joshua,22,23,low,14,0,0,0,0,,4,0,0,0,0,0,0,0,0,,,0,0,0,0,,,1,soteria-sacrifice-formula,AutoComplete.db WordSense; Bible Word Study; Factbook; recent history,lexical_support,salvation-shaped rendering,high,keep,"altar, god, lord, peace, sacrifice, salvation","importance=low; keywords=altar, god, lord, peace, sacrifice, salvation; crossref_top_vote=4; logos=1; logos_reco=keep; logos_flags=lexical_support; logos_support=salvation-shaped rendering","And if we built for ourselves an altar so as to turn away from the Lord our God, so as to offer on it sacrifices of whole burnt offerings or so as to make on it a sacrifice of salvation, the Lord himself shall require it.","And if we have built to ourselves an altar, so as to apostatize from the Lord our God, so as to offer upon it a sacrifice of whole-burnt-offerings, so as to offer upon it a sacrifice of peace-offering,—the Lord shall require it.",31
Joshua 22:29,Joshua,22,29,medium,15,0,0,0,0,,4,0,0,0,0,0,0,0,0,,,0,0,0,0,,,1,soteria-sacrifice-formula,AutoComplete.db WordSense; Bible Word Study; Factbook; recent history,lexical_support,salvation-shaped rendering,high,keep,"altar, being, lord, peace, sacrifice, salvation","importance=medium; keywords=altar, being, lord, peace, sacrifice, salvation; crossref_top_vote=4; logos=1; logos_reco=keep; logos_flags=lexical_support; logos_support=salvation-shaped rendering","May it never be for us to turn away from the Lord in these days, to revolt from the Lord, so as to build for ourselves an altar for offerings and sacrifices of well-being and the sacrifice of salvation besides the altar of the Lord that is before his tent.","Far be it from us therefore that we should turn away from the Lord this day so as to apostatize from the Lord, so as that we should build an altar for burnt-offerings, and for peace-offerings, besides the altar of the Lord which is before his tabernacle.",32
Joshua 24:33,Joshua,24,33,low,11,0,0,0,0,,3,3,0,0,0,0,0,0,0,,,0,0,0,0,,,0,,,,,,,"god, king, lord, priest","importance=low; keywords=god, king, lord, priest; crossref_top_vote=3","And after these things Eleazar son of Aaron the high priest died, and they buried him in Gabaath of Phinehas his son, which he gave him in the hill-country of Ephraim. On that day the sons of Israel took the ark of God and carried it among themselves, and Phinehas served as priest in place of Eleazar his father until he died, and he was buried in his own Gabaath. And the sons of Israel went away each to his own place and to his own city, and the sons of Israel worshiped Astarte and Astaroth and the gods of the nations around them, and the Lord gave them into the hands of Eglom king of Moab, and he ruled over them eighteen years.","And it came to pass afterwards that Eleazar the high-priest the son of Aaron died, and was buried in Gabaar of Phinees his son, which he gave him in mount Ephraim.",35
Judges 21:4,Judges,21,4,low,10,0,0,0,0,,5,1,1,0,0,0,0,0,0,,,0,0,0,0,,,1,soteria-sacrifice-formula,AutoComplete.db WordSense; Bible Word Study; Factbook; recent history,lexical_support,salvation-shaped rendering,high,keep,"altar, peace, salvation","importance=low; keywords=altar, peace, salvation; crossref_top_vote=5; crossref_shared_family=1; logos=1; logos_reco=keep; logos_flags=lexical_support; logos_support=salvation-shaped rendering","And it came to be on the next day, the people rose early and built there an altar and offered whole burnt offerings of salvation.","And it came to pass on the morrow that the people rose up early, and built there an altar, and offered up whole-burnt-offerings and peace-offerings.",41
Ruth 2:13,Ruth,2,13,low,9,0,0,0,0,,8,1,0,0,0,0,0,0,0,,,0,0,0,0,,,0,,,,,,,"grace, lord, servant","importance=low; keywords=grace, lord, servant; crossref_top_vote=8","And she said, May I find favor in your eyes, lord, because you comforted me and because you spoke to the heart of your servant, and behold, I shall be as one of your maidservants.","And she said, Let me find grace in thy sight, my lord, because thou hast comforted me, and because thou hast spoken kindly to thy handmaid, and behold, I shall be as one of thy servants.",44
Ruth 4:12,Ruth,4,12,low,9,0,0,0,0,,5,1,0,0,0,0,0,0,0,,,0,0,0,0,,,0,,,,,,,"lord, seed, servant","importance=low; keywords=lord, seed, servant; crossref_top_vote=5","And may your house become like the house of Phares, whom Thamar bore to Judah, from the seed that the Lord will give you from this servant girl.","And let thy house be as the house of Phares, whom Thamar bore to Juda, of the seed which the Lord shall give thee of this handmaid.",47
1 Samuel 2:10,1 Samuel,2,10,medium,15,0,0,0,0,,9,0,0,0,0,0,0,0,0,,,0,0,0,0,,,0,,,,,,,"anointed, holy, judgment, justice, lord, righteousness","importance=medium; keywords=anointed, holy, judgment, justice, lord, righteousness; crossref_top_vote=9","The Lord will make his adversary weak; the Lord is holy. Let not the wise boast in his wisdom, and let not the strong boast in his strength, and let not the rich boast in his wealth, but in this let the boasting one boast: to understand and know the Lord and to do judgment and righteousness in the midst of the earth. The Lord went up into the heavens and thundered; he will judge the ends of the earth and gives strength to our kings and will lift up the horn of his anointed.","The Lord will weaken his adversary; the Lord is holy. Let not the wise man boast in his wisdom, nor let the mighty man boast in his strength, and let not the rich man boast in his wealth; but let him that boasts boast in this, to understand and know the Lord, and to execute judgment and justice in the midst of the earth. The Lord has gone up to the heavens, and has thundered: he will judge the extremities of the earth, and he gives strength to our kings, and will exalt the horn of his Christ.",48
1 Samuel 20:42,1 Samuel,20,42,high,19,1,1,0,0,,5,2,0,0,0,0,0,0,0,,,0,0,0,0,,,0,,,,,,,"lord, name, peace, seed","decisions=1; footnotes=1; importance=high; keywords=lord, name, peace, seed; crossref_top_vote=5","And Iōnathan said, Go in peace, and as we two swore in the name of the Lord, saying, The Lord will be witness between me and you and between my seed and between your seed forever.","And Jonathan said to David, Go in peace, and as we have both sworn in the name of the Lord, saying, The Lord shall be witness between me and thee, and between my seed and thy seed for ever—even so let it be.",51
2 Samuel 7:19,2 Samuel,7,19,high,17,1,1,0,0,,5,2,0,0,0,0,0,0,0,,,0,0,0,0,,,0,,,,,,,"law, lord, servant","decisions=1; footnotes=1; importance=high; keywords=law, lord, servant; crossref_top_vote=5","And this was made a very small thing before you, my Lord, O Lord, and you spoke concerning the house of your servant for a long time to come. And this is the law of the human, my Lord, O Lord.","Whereas I was very little before thee, O Lord, my Lord, yet thou spokest concerning the house of thy servant for a long time to come. And is this the law of man, O Lord, my Lord?",54
2 Samuel 14:17,2 Samuel,14,17,high,21,1,1,0,0,,5,2,0,2,1,0,0,0,1,unclear,,0,0,0,0,,,0,,,,,,,"angel, god, king, lord","decisions=1; footnotes=1; importance=high; keywords=angel, god, king, lord; crossref_top_vote=5; eng=fresh:1/brenton:0/mt:0; eng_flags=unclear","And the woman said, Let the word of my lord the king now be for comfort, because as an angel of God so is my lord the king, to hear the good and the evil, and the Lord your God will be with you.","And the woman said, If now the word of my lord the king be gracious,—well: for as an angel of God, so is my lord the king, to hear good and evil: and the Lord thy God shall be with thee.",56
2 Samuel 15:6,2 Samuel,15,6,high,15,1,1,0,0,,6,2,0,0,0,0,0,0,0,,,0,0,0,0,,,0,,,,,,,"judgment, king","decisions=1; footnotes=1; importance=high; keywords=judgment, king; crossref_top_vote=6","And Abessalōm did according to this word to all Israel who were coming for judgment to the king, and Abessalōm was stealing the heart of the men of Israel.",And Abessalom did after this manner to all Israel that came to the king for judgment; and Abessalom gained the hearts of the men of Israel.,57
2 Samuel 23:1,2 Samuel,23,1,high,17,1,1,0,0,,7,2,0,2,2,0,0,0,0,,keep,0,0,0,0,,,0,,,,,,,"anointed, god, lord","decisions=1; footnotes=1; importance=high; keywords=anointed, god, lord; crossref_top_vote=7; eng=fresh:2/brenton:0/mt:0; eng_reco=keep","And these are the last words of David: Faithful is David son of Iessai, and faithful the man whom the Lord raised up to be the anointed of the God of Iakob, and beautiful are the psalms of Israel.",And these are the last words of David.,58
2 Samuel 24:25,2 Samuel,24,25,high,17,1,1,0,0,,5,0,0,2,1,1,0,0,0,smoothing_issue,,0,0,0,0,,,0,,,,,,,"altar, lord, peace","decisions=1; footnotes=1; importance=high; keywords=altar, lord, peace; crossref_top_vote=5; eng=fresh:1/brenton:1/mt:0; eng_flags=smoothing_issue","And David built there an altar to the Lord and offered whole burnt offerings and peace offerings, and afterward Solomon added to the altar, because it had been small at first. And the Lord listened to the land, and the plague was restrained from over Israel.","And David built there an altar to the Lord, and offered up whole-burnt-offerings and peace-offerings: and Solomon made an addition to the altar afterwards, for it was little at first. And the Lord hearkened to the land, and the plague was stayed from Israel.",59
1 Kings 2:35,1 Kings,2,35,high,34,1,1,0,0,,5,1,0,2,0,0,1,1,0,"lxx_plus, mt_leaning",needs_logos,0,0,0,0,,,0,,,,,,,"altar, being, hades, king, lord, peace, priest, seed","decisions=1; footnotes=1; importance=high; keywords=altar, being, hades, king, lord, peace; crossref_top_vote=5; eng=fresh:0/brenton:0/mt:1; eng_reco=needs_logos; eng_flags=lxx_plus, mt_leaning","And the king gave Banaiou son of Iodae in his place over the generalship, and the kingdom was being set right in Ierousalem, and the king gave Sadok the priest as first priest instead of Abiathar. And the Lord gave understanding to Solomon and very much wisdom and breadth of heart like the sand that is beside the sea. And the understanding of Solomon was multiplied greatly beyond the understanding of all the ancients and beyond all the wise of Egypt. And he took the daughter of Pharao and brought her into the City of David until he finished his own house and the house of the Lord first and the wall of Ierousalem all around. In seven years he made it and finished it. And Solomon had seventy thousand carrying burdens and eighty thousand stonecutters in the mountain. And Solomon made the Sea and the bases and the great basins and the pillars and the fountain of the court and the bronze sea. And he built the citadel and its battlements and cut through the City of David. Thus the daughter of Pharao was going up from the City of David into her house that he built for her. Then he built the citadel. And Solomon offered up three times in the year whole burnt offerings and peace offerings on the altar that he built to the Lord and was burning incense before the Lord and finished the house. And these were the rulers set over the works of Solomon, three thousand six hundred overseers of the people doing the works. And he built Assour and Magdo and Gazer and upper Baithoron and Baalath. But after he built the house of the Lord and the wall of Ierousalem all around, after these things he built these cities. And while David was still living he commanded Solomon, saying, Behold, with you is Semei son of Gera, son of the seed of the Jeminaian from Chebron. He cursed me with a grievous curse on the day when I was going to the Camps, and he came down to meet me at the Jordan, and I swore to him by the Lord, saying, He shall not be put to death by the sword. And now do not hold him guiltless, because you are a prudent man and you will know what you will do to him, and you will bring his gray hair down in blood to Hades.","And the king appointed Banæas son of Jodae in his place over the host; and the kingdom was established in Jerusalem; and as for Sadoc the priest, the king appointed him to be high priest in the room of Abiathar. And Solomon son of David reigned over Israel and Juda in Jerusalem:",60
1 Kings 2:46,1 Kings,2,46,high,16,1,1,0,0,,5,0,0,0,0,0,0,0,0,,,0,0,0,0,,,0,,,,,,,"king, peace, priest","decisions=1; footnotes=1; importance=high; keywords=king, peace, priest; crossref_top_vote=5","And King Solomon commanded Banaias son of Iodae, and he went out and struck him and he died. And King Solomon was very understanding and wise, and Iouda and Israel were exceedingly many, like the sand on the sea in multitude, eating and drinking and rejoicing. And Solomon was ruler over all the kingdoms, and they were bringing gifts and serving Solomon all the days of his life. And Solomon began opening the domains of Lebanon. And he built Thermai in the wilderness. And this was Solomon's provision: thirty cors of fine flour and sixty cors of beaten flour, ten choice calves and twenty pasture-fed cattle and one hundred sheep, besides deer and gazelles and choice fatted birds. For he was ruler over everything beyond the river, from Raphi to Gaza, over all the kings beyond the river. And he had peace from all his sides all around, and Iouda and Israel lived trusting, each under his vine and under his fig tree, eating and drinking, from Dan to Bersabee, all the days of Solomon. And these were the chiefs of Solomon: Azariou son of Sadok the priest, and Orniou son of Nathan, chief of the overseers, and Edram over his house, and Souba secretary, and Basa son of Achithalam recorder, and Abi son of Ioab commander in chief, and Achire son of Edrai over the levies, and Banaia son of Iodae over the court guard and over the brickwork, and Zachour son of Nathan the counselor. And Solomon had forty thousand brood mares for chariots and twelve thousand horsemen. And he was ruler in all the kingdoms from the river to the land of the foreigners and to the borders of Egypt. Solomon son of David reigned over Israel and Iouda in Ierousalem.","And Solomon commanded Banæas the son of Jodae, and he went forth and slew him.",61
1 Kings 3:9,1 Kings,3,9,high,16,1,1,0,0,,29,3,0,0,0,0,0,0,0,,,0,0,0,0,,,0,,,,,,,"righteousness, servant","decisions=1; footnotes=1; importance=high; keywords=righteousness, servant; crossref_top_vote=29","And you will give your servant a heart that hears and discerns your people in righteousness, to understand between good and evil. For who will be able to judge this heavy people of yours?","Thou shalt give therefore to thy servant a heart to hear and to judge thy people justly, and to discern between good and evil: for who will be able to judge this thy great people?",62
1 Kings 8:53,1 Kings,8,53,high,17,1,1,0,0,,5,2,0,0,0,0,0,0,0,,,0,0,0,0,,,0,,,,,,,"god, lord, servant","decisions=1; footnotes=1; importance=high; keywords=god, lord, servant; crossref_top_vote=5","because you set them apart to yourself for an inheritance from all the peoples of the earth, just as you spoke by the hand of your servant Moyses, when you brought out our fathers from the land of Egypt, O Lord, Lord. Then Solomon spoke concerning the house, as he finished building it: The sun the Lord made known in heaven. He said he would dwell in gloom. Build my house, a splendid house for yourself, for dwelling in newness. Behold, is not this written in the Book of the Song?","Because thou hast set them apart for an inheritance to thyself out of all the nations of the earth, as thou spokest by the hand of thy servant Moses, when thou broughtest our fathers out of the land of Egypt, O Lord God.—",63
1 Kings 12:24,1 Kings,12,24,high,29,1,1,0,0,,4,0,0,2,0,0,1,0,1,"lxx_plus, mt_leaning",needs_logos,0,0,0,0,,,0,,,,,,,"being, god, king, lord, name, servant","decisions=1; footnotes=1; importance=high; keywords=being, god, king, lord, name, servant; crossref_top_vote=4; eng=fresh:0/brenton:0/mt:1; eng_reco=needs_logos; eng_flags=lxx_plus, mt_leaning","Thus says the Lord: You shall not go up nor fight with your brothers, sons of Israel. Let each return to his own house, because this word has happened from me. And they heard the word of the Lord and stopped from going according to the word of the Lord. And King Solomon sleeps with his fathers and is buried with his fathers in the City of David, and Roboam his son reigned in place of him in Ierousalem, being sixteen years old when he began to reign, and he reigned twelve years in Ierousalem, and the name of his mother was Naanan daughter of Anan son of Naas king of the sons of Ammon, and he did evil before the Lord and did not walk in the way of David his father. And there was a man from the hill country of Ephraim, servant to Solomon, and his name was Ieroboam, and his mother's name was Sarira, a prostitute woman, and Solomon gave him as chief officer of the staff over the burdens of the house of Ioseph, and he built for Solomon Sarira in the hill country of Ephraim, and he had three hundred chariots of horses. This one built the citadel among the burdens of the house of Ephraim. This one closed up the City of David and was being lifted up against the kingdom. And Solomon sought to put him to death, and he feared and fled to Sousakim king of Egypt and was with him until Solomon died. And Ieroboam heard in Egypt that Solomon died, and he spoke into the ears of Sousakim king of Egypt, saying, Send me away, and I will depart to my land. And Sousakim said to him, Ask what request and I will give it to you. And Sousakim gave to Ieroboam the elder sister of Thekemina, his own wife, for a wife. She was great among the daughters of the king and bore to Ieroboam Abia his son. And Ieroboam said to Sousakim, Truly send me away, and I will depart. And Ieroboam went out from Egypt and came to the land of Sarira in the hill country of Ephraim and gathered there all the scepter of Ephraim and built a fort there. And his young child became very sick with a very severe sickness, and Ieroboam went to inquire concerning the child, and he said to Ano his wife, Rise and go inquire of God concerning the child, whether he will live from his sickness. And there was a man in Selom, and his name was Achias, and he was sixty years old, and the word of the Lord was with him. And Ieroboam said to his wife, Rise and take in your hand to the man of God loaves and cakes for his children and grapes and a jar of honey. And the woman rose and took in her hand loaves and two cakes and grapes and a jar of honey for Achias, and the man was old and his eyes were dim from seeing. And she rose from Sarira and went. And it came to be when she entered the city to Achias the Selonite, Achias said to his young servant, Go out now to meet Ano wife of Ieroboam and say to her, Come in and do not stand still, because thus says the Lord: Hard things I am sending upon you. And Ano entered to the man of God, and Achias said to her, Why have you brought me loaves and grapes and cakes and a jar of honey? Thus says the Lord: Behold, you will depart from me, and it will be when you enter the gate into Sarira and your maidens come out to meet you and say to you, The child has died, because thus says the Lord: Behold, I will destroy from Ieroboam one urinating against a wall, and those dying of Ieroboam in the city dogs will devour, and the one dying in the field the birds of heaven will devour, and for the child they will mourn. Alas, Lord, because a good word concerning the Lord was found in him. And the woman departed when she heard, and it came to be when she entered into Sarira, the child died and the cry went out to meet her. And Ieroboam went to Sikima in the hill country of Ephraim and gathered there the tribes of Israel, and Roboam son of Solomon went up there. And the word of the Lord came to Samaias the Elamite, saying, Take for yourself a new garment not yet entered into water and tear it into twelve pieces, and give them to Ieroboam and say to him, Thus says the Lord: Take for yourself ten pieces to put on, and Ieroboam took them, and Samaias said, Thus says the Lord concerning the ten tribes of Israel. And the people said to Roboam son of Solomon, Your father made his yoke heavy upon us and made the foods of his table heavy. And now, if you lighten things upon us, we will serve you. And Roboam said to the people, In three days I will answer you a word. And he said, Bring in to me the elders and I will take counsel with them what word I should answer the people on the third day. And Roboam spoke into their ears, just as the people sent to him, and the elders said, Thus the people spoke to you. And Roboam scattered their counsel, and it was not pleasing before him, and he sent and brought in his companions and spoke these same things to them: Thus the people sent to me. And his companions said, Thus you will speak to the people, saying, My littleness is thicker than my father's loin. My father whipped you with whips, but I will rule you with scorpions. And the word was pleasing before Roboam, and he answered the people just as his companions, the young men, counseled him. And all the people cried out as one man, each to his neighbor, and they all cried aloud, saying, There is no share for us in David and no inheritance in the son of Iessai. To your tents, Israel, because this man is not for ruler nor for leader. And all the people were scattered from Sikim and each went to his tent, and Roboam prevailed and went and mounted his chariot and entered into Ierousalem, and all the scepter of Iouda and all the scepter of Benjamin went after him. And it came to be at the turn of the year, and Roboam gathered all the men of Iouda and Benjamin and went up to war against Ieroboam at Sikima. And the word of the Lord came to Samaias the man of God, saying, Speak to Roboam king of Iouda and to all the house of Iouda and Benjamin and to the remnant of the people, saying, Thus says the Lord: You shall not go up nor fight against your brothers the sons of Israel. Return each to his house, because this word has happened from me. And they heard the word of the Lord and held back from going according to the word of the Lord.","Thus saith the Lord, Ye shall not go up, neither shall ye fight with your brethren the sons of Israel: return each man to his own home; for this thing is from me; and they hearkened to the word of the Lord, and they ceased from going up, according to the word of the Lord.",64
1 Kings 16:28,1 Kings,16,28,high,16,1,1,0,0,,0,0,0,0,0,0,0,0,0,,,0,0,0,0,,,0,,,,,,,"king, lord, name","decisions=1; footnotes=1; importance=high; keywords=king, lord, name","And Ambri slept with his fathers and was buried in Samaria, and Achaab his son reigned in place of him. And in the eleventh year of Ambri, Iosaphat son of Asa reigned, thirty-five years old in his reign, and he reigned twenty-five years in Ierousalem, and his mother's name was Gazouba daughter of Selei. And he walked in the way of Asa his father and did not turn aside from it, doing what was right before the Lord, except the high places they did not remove; they sacrificed on the high places and burned incense. And the rest of the alliances that Iosaphat made and all the dominion that he exercised and those against whom he fought, behold, are these not written in the Book of the Matters of the Days of the kings of Iouda? And the rest of the entanglements that were imposed in the days of Asa his father he removed from the land. And there was no king in Syria, only a deputy. And King Iosaphat made a ship for Tharsis to go to Sophir for gold, and it did not go because the ship was broken at Gasiongaber. Then the king of Israel said to Iosaphat, I will send your servants and my servants in the ship, and Iosaphat was not willing. And Iosaphat slept with his fathers and was buried with his fathers in the City of David, and Ioram his son reigned in place of him.","And Ambri slept with his fathers, and is buried in Samaria; and Achaab his son reigns in his stead.",65
2 Kings 1:3,2 Kings,1,3,low,11,0,0,0,0,,7,3,0,0,0,0,0,0,0,,,0,0,0,0,,,0,,,,,,,"angel, god, king, lord","importance=low; keywords=angel, god, king, lord; crossref_top_vote=7","And angel of the Lord spoke to Elijah the Thesbite, saying, Rise, come to meet the messengers of Ochozias king of Samaria, and you will speak to them, Is it because there is no God in Israel that you are going to seek in Baal of flies, god of Akkarōn?","And an angel of the Lord called Eliu the Thesbite, saying, Arise, and go to meet the messengers of Ochozias king of Samaria, and thou shalt say to them, Is it because there is no God in Israel, that ye go to enquire of Baal fly, the god of Accaron? but it shall not be so.",66
2 Kings 1:18,2 Kings,1,18,high,16,1,1,0,0,,2,0,0,0,0,0,0,0,0,,,0,0,0,0,,,0,,,,,,,"king, lord, sin","decisions=1; footnotes=1; importance=high; keywords=king, lord, sin; crossref_top_vote=2","And the rest of the matters of Ochozias, what he did, behold, are these not written in the Book of the Matters of the Days of the kings of Israel? And Iōram son of Achaab reigned over Israel in Samaria twelve years, in the eighteenth year of Iosaphat king of Iouda. And he did evil before the Lord, yet not like his brothers nor like his mother. And he removed the pillars of Baal that his father made and shattered them. Yet in the sins of the house of Ieroboam, who made Israel sin, he clung and did not depart from them. And the anger of the Lord was enraged against the house of Achaab.","And the rest of the acts of Ochozias which he did, behold, are they not written in the book of the chronicles of the kings of Israel?",67
2 Kings 18:12,2 Kings,18,12,medium,12,0,0,0,0,,2,4,0,0,0,0,0,0,0,,,0,0,0,0,,,0,,,,,,,"covenant, god, lord, servant","importance=medium; keywords=covenant, god, lord, servant; crossref_top_vote=2","because they did not listen to the voice of the Lord their God and transgressed his covenant, all that Moses the servant of the Lord commanded, and they did not listen and did not do it.","because they hearkened not to the voice of the Lord their God, and transgressed his covenant, even in all things that Moses the servant of the Lord commanded, and hearkened not to them, nor did them.",69
2 Kings 23:24,2 Kings,23,24,medium,13,0,0,0,0,,7,0,0,0,0,0,0,0,0,,,0,0,0,0,,,0,,,,,,,"king, law, lord, priest, spirit","importance=medium; keywords=king, law, lord, priest, spirit; crossref_top_vote=7","And indeed the spirit-mediums and the knowers and the theraphin and the idols and all the abominations that had appeared in the land of Judah and in Jerusalem king Iōsias removed, to establish the words of the law written upon the book which Chelkias the priest found in the house of the Lord.","Moreover Josias removed the sorcerers, and the wizards, and the theraphin, and the idols, and all the abominations that had been set up in the land of Juda and in Jerusalem, that he might keep the words of the law that were written in the book, which Chelcias the priest found in the house of the Lord.",70
2 Kings 23:25,2 Kings,23,25,medium,12,0,0,0,0,,6,1,0,0,0,0,0,0,0,,,0,0,0,0,,,0,,,,,,,"king, law, lord, soul","importance=medium; keywords=king, law, lord, soul; crossref_top_vote=6","Like him there was no king before him who turned to the Lord with all his heart and with all his soul and with all his strength according to all the law of Moses, and after him none like him arose.","There was no king like him before him, who turned to the Lord with all his heart, and with all his soul, and with all his strength, according to all the law of Moses; and after him there rose not one like him.",71
1 Chronicles 6:34,1 Chronicles,6,34,medium,13,0,0,0,0,,0,0,0,0,0,0,0,0,0,,,0,0,0,0,,,0,,,,,,,"altar, god, holy, lord, servant","importance=medium; keywords=altar, god, holy, lord, servant","And Aaron and his sons were burning incense upon the altar of the whole-burnt-offerings and upon the altar of incense for every work of the holy of holies and to make atonement for Israel, according to all that Moses child of God commanded.","And Aaron and his sons were to burn incense on the altar of whole-burnt-offerings, and on the altar of incense, for all the ministry in the holy of holies, and to make atonement for Israel, according to all things that Moses the servant of the Lord commanded.",72
1 Chronicles 15:29,1 Chronicles,15,29,medium,12,0,0,0,0,,5,2,0,0,0,0,0,0,0,,,0,0,0,0,,,0,,,,,,,"covenant, king, lord, soul","importance=medium; keywords=covenant, king, lord, soul; crossref_top_vote=5","And it came to pass, ark of covenant of Lord came as far as City of Dauid, and Melchol daughter of Saul looked through window and saw king Dauid dancing and playing, and she despised him in her soul.","And the ark of the covenant of the Lord arrived, and came to the city of David; and Melchol the daughter of Saul looked down through the window, and saw king David dancing and playing: and she despised him in her heart.",73
1 Chronicles 16:35,1 Chronicles,16,35,low,13,0,0,0,0,,8,4,0,0,0,0,0,0,0,,,0,0,0,0,,,0,,,,,,,"glory, god, holy, name, salvation","importance=low; keywords=glory, god, holy, name, salvation; crossref_top_vote=8","And say, Save us, God of our salvation, and deliver us from nations, to praise your holy name and to boast in your praises.","And say ye, Save us, O God of our salvation, and gather us, and rescue us from among the heathen, that we may praise thy holy name, and glory in thy praises.",74
1 Chronicles 16:40,1 Chronicles,16,40,medium,18,0,0,0,0,,4,0,0,2,0,0,0,0,2,unclear,needs_logos,0,0,0,0,,,0,,,,,,,"altar, god, law, lord, servant","importance=medium; keywords=altar, god, law, lord, servant; crossref_top_vote=4; eng=fresh:0/brenton:0/mt:0; eng_reco=needs_logos; eng_flags=unclear","to offer whole burnt offerings to the Lord on the altar of whole burnt offerings continually, morning and evening, and according to all things written in the law of the Lord, whatever he commanded for the sons of Israel by the hand of Moyses servant of God,","to offer up whole-burnt-offerings to the Lord on the altar of whole-burnt-offerings continually morning and evening, and according to all things written in the law of the Lord, which he commanded the children of Israel by Moses the servant of God.",75
2 Chronicles 6:20,2 Chronicles,6,20,low,13,0,0,3,3,"Acts 15:17, James 2:7, Romans 2:17",5,0,2,0,0,0,0,0,0,,,9,3,3,3,"literal_support, smoothing, translation_tradition",keep,0,,,,,,,"name, servant","importance=low; keywords=name, servant; nt=Acts 15:17, James 2:7, Romans 2:17; crossref_top_vote=5; crossref_shared_family=2; nt_eng=support:3/soften:3/mixed:3; nt_eng_reco=keep; nt_eng_flags=literal_support, smoothing, translation_tradition","that your eyes may be open upon this house day and night, upon this place where you said your name would be called there, to hear prayer which your servant prays toward this place.","so that thine eyes should be open over this house by day and by night, towards this place, whereon thou saidst thy name should be called, so as to hear the prayer which thy servant prays towards this house.",78
2 Chronicles 9:8,2 Chronicles,9,8,low,15,0,0,0,0,,5,1,0,2,2,0,0,0,0,,keep,0,0,0,0,,,0,,,,,,,"god, judgment, justice, king, lord, righteousness","importance=low; keywords=god, judgment, justice, king, lord, righteousness; crossref_top_vote=5; eng=fresh:2/brenton:0/mt:0; eng_reco=keep","Blessed be the Lord your God, who delighted in you to set you on his throne as king for the Lord your God. Because the Lord your God loved Israel to establish him forever, he gave you over them as king to do judgment and righteousness.","Blessed be the Lord thy God, who took pleasure in thee, to set thee upon his throne for a king, to the Lord thy God: forasmuch as the Lord thy God loved Israel to establish them for ever, therefore he has set thee over them for a king to execute judgment and justice.",80
2 Chronicles 12:13,2 Chronicles,12,13,high,23,1,0,3,3,"Acts 15:17, James 2:7, Romans 2:17",5,0,3,2,1,0,0,1,0,unclear,,9,3,3,3,"literal_support, smoothing, translation_tradition",keep,0,,,,,,,"king, lord, name","decisions=1; importance=high; keywords=king, lord, name; nt=Acts 15:17, James 2:7, Romans 2:17; crossref_top_vote=5; crossref_shared_family=3; eng=fresh:1/brenton:0/mt:0; eng_flags=unclear; nt_eng=support:3/soften:3/mixed:3; nt_eng_reco=keep; nt_eng_flags=literal_support, smoothing, translation_tradition","And Rehoboam was strengthened in Jerusalem and reigned. Rehoboam was forty-one years old when he began to reign, and he reigned seventeen years in Jerusalem, in the city which the Lord chose from all the tribes of the sons of Israel to have his name called there, and his mother's name was Naamah the Ammonite.","So king Roboam strengthened himself in Jerusalem, and reigned: and Roboam was forty and one years old when he began to reign, and he reigned seventeen years in Jerusalem, in the city which the Lord chose out of all the tribes of the children of Israel to call his name there: and his mother's name was Noomma the Ammanitess.",81
2 Chronicles 26:18,2 Chronicles,26,18,low,13,0,0,0,0,,7,2,0,0,0,0,0,0,0,,,0,0,0,0,,,0,,,,,,,"glory, god, king, lord, sacrifice","importance=low; keywords=glory, god, king, lord, sacrifice; crossref_top_vote=7","And they stood against Ozia the king and said to him, Not for you, Ozia, to burn incense to Lord, but for priests, sons of Aaron, those sanctified to burn incense. Go out from sanctuary, because you rebelled from Lord, and this shall not be for glory to you from Lord God.","And they withstood Ozias the king, and said to him, It is not for thee, Ozias, to burn incense to the Lord, but only for the priests the sons of Aaron, who are consecrated to sacrifice: go forth of the sanctuary, for thou hast departed from the Lord; and this shall not be for glory to thee from the Lord God.",82
2 Chronicles 33:16,2 Chronicles,33,16,low,18,0,0,0,0,,2,0,2,2,1,0,0,0,1,unclear,,0,0,0,0,,,1,soteria-sacrifice-formula,AutoComplete.db WordSense; Bible Word Study; Factbook; recent history,lexical_support,salvation-shaped rendering,high,keep,"altar, god, lord, peace, sacrifice, salvation","importance=low; keywords=altar, god, lord, peace, sacrifice, salvation; crossref_top_vote=2; crossref_shared_family=2; eng=fresh:1/brenton:0/mt:0; eng_flags=unclear; logos=1; logos_reco=keep; logos_flags=lexical_support; logos_support=salvation-shaped rendering","And he restored the altar of the Lord and sacrificed upon it a sacrifice of salvation and of praise, and told Iouda to serve the Lord God of Israel.","And he repaired the altar of the Lord, and offered upon it a sacrifice of peace-offering and thank-offering, and he told Juda to serve the Lord God of Israel.",83
Ezra 1:1,Ezra,1,1,medium,10,0,0,0,0,,34,0,0,0,0,0,0,0,0,,,0,0,0,0,,,0,,,,,,,"king, lord, spirit","importance=medium; keywords=king, lord, spirit; crossref_top_vote=34","And in first year of Cyrus king of Persians, for fulfillment of word of the Lord from mouth of Ieremias, the Lord stirred spirit of Cyrus king of Persians, and he proclaimed with a voice through all his kingdom, also in writing, saying,","Now in the first year of Cyrus king of the Persians, that the word of the Lord by the mouth of Jeremias might be fulfilled, the Lord stirred up the spirit of Cyrus king of the Persians, and he issued a proclamation through all his kingdom, and that in writing, saying,",84
Ezra 6:3,Ezra,6,3,low,11,0,0,0,0,,4,1,0,0,0,0,0,0,0,,,0,0,0,0,,,0,,,,,,,"god, holy, king, sacrifice","importance=low; keywords=god, holy, king, sacrifice; crossref_top_vote=4","In first year of King Cyrus, Cyrus the king set decree concerning house of God in Ierousalem: Let the house be built, and the place where they sacrifice the offerings. And he set its height at sixty cubits and its breadth at sixty cubits,","In the first year of king Cyrus, Cyrus the king made a decree concerning the holy house of God that was in Jerusalem, saying, Let the house be built, and the place where they sacrifice the sacrifices. (Also he appointed its elevation, in height sixty cubits; its breadth was of sixty cubits.)",86
Ezra 7:6,Ezra,7,6,low,11,0,0,0,0,,13,1,0,0,0,0,0,0,0,,,0,0,0,0,,,0,,,,,,,"god, king, law, lord","importance=low; keywords=god, king, law, lord; crossref_top_vote=13","This Ezra came up from Babylon, and he was a quick scribe in law of Moses, which Lord God of Israel gave, and the king gave to him because hand of Lord his God was upon him in all he sought.","This Esdras went up out of Babylon; and he was a ready scribe in the law of Moses, which the Lord God of Israel gave: and the king gave him leave, for the hand of the Lord his God was upon him in all things which he sought.",87
Ezra 7:12,Ezra,7,12,low,11,0,0,0,0,,5,1,0,0,0,0,0,0,0,,,0,0,0,0,,,0,,,,,,,"god, king, law, lord","importance=low; keywords=god, king, law, lord; crossref_top_vote=5","Arthasastha, king of kings, to Ezra, scribe of law of God of heaven: the matter is settled, and this the answer.","Arthasastha, king of kings, to Esdras, the scribe of the law of the Lord God of heaven, Let the order and the answer be accomplished.",88
Ezra 10:3,Ezra,10,3,medium,12,0,0,0,0,,8,1,0,0,0,0,0,0,0,,,0,0,0,0,,,0,,,,,,,"covenant, god, law, offspring","importance=medium; keywords=covenant, god, law, offspring; crossref_top_vote=8","And now let us make a covenant with our God to put out all the women and those born from them, according to your counsel. Rise and warn them in commandments of our God, and let it be according to law.","Now then let us make a covenant with our God to put away all the wives, and their offspring, as thou shalt advise:",89
Nehemiah 1:11,Nehemiah,1,11,medium,15,0,0,0,0,,21,1,0,0,0,0,0,0,0,,,0,0,0,0,,,0,,,,,,,"king, lord, mercy, name, servant","importance=medium; keywords=king, lord, mercy, name, servant; crossref_top_vote=21","Please, Lord, let your ear be attentive to prayer of your servant and to prayer of your servants who desire to fear your name, and prosper your servant today and give him for compassions before this man. And I was cupbearer to the king.","Turn not away, I pray thee, O Lord, but let thine ear be attentive to the prayer of thy servant, and to the prayer of thy servants, who desire to fear thy name: and prosper, I pray thee, thy servant this day, and cause him to find mercy in the sight of this man. Now I was the king's cup-bearer.",91
Nehemiah 10:29,Nehemiah,10,29,medium,12,0,0,0,0,,6,3,0,0,0,0,0,0,0,,,0,0,0,0,,,0,,,,,,,"god, law, lord, servant","importance=medium; keywords=god, law, lord, servant; crossref_top_vote=6","And the rest of the people, the priests, the Levites, the gatekeepers, the singers, the nethinim, and everyone joining from peoples of the land to law of God, their wives, their sons, their daughters, everyone knowing and understanding,","were urgent with their brethren, and bound them under a curse, and entered into a curse, and into an oath, to walk in the law of God, which was given by the hand of Moses, the servant of God; to keep and to do all the commandments of the Lord, and his judgments, and his ordinances;",94
Esther 1:20,Esther,1,20,medium,8,0,0,0,0,,6,4,0,0,0,0,0,0,0,,,0,0,0,0,,,0,,,,,,,"king, law","importance=medium; keywords=king, law; crossref_top_vote=6","And let the law which the king makes be heard in his kingdom, and thus all women will give honor to their husbands, from poor to rich.",,97
Esther 2:12,Esther,2,12,medium,10,0,0,0,0,,5,2,0,0,0,0,0,0,0,,,0,0,0,0,,,0,,,,,,,"anointed, being, king","importance=medium; keywords=anointed, being, king; crossref_top_vote=5","And this was the time for a girl to go in to the king, when she completed twelve months, for thus the days of treatment are completed: six months being anointed with oil of myrrh and six months with spices and with the women's cosmetics.",,98
Esther 4:8,Esther,4,8,medium,8,0,0,0,0,,5,2,0,0,0,0,0,0,0,,,0,0,0,0,,,0,,,,,,,"king, lord","importance=medium; keywords=king, lord; crossref_top_vote=5","And he gave him copy of the notice posted in Sousa for their destruction, to show Esther, and he told him to command her, after going in, to plead with the king and urge him for the people, remembering days of your humiliation, how you were nourished in my hand, because Aman, the second to the kingdom, has spoken against us for death. Call upon the Lord and speak to the king concerning us and rescue us from death.",,99
Esther 4:11,Esther,4,11,medium,8,0,0,0,0,,7,1,0,0,0,0,0,0,0,,,0,0,0,0,,,0,,,,,,,"king, salvation","importance=medium; keywords=king, salvation; crossref_top_vote=7","all nations of the kingdom know that every man or woman who enters to the king in the inner court uncalled has no salvation, except the one to whom the king stretches out the golden scepter, that one will be saved. And I have not been called to go in to the king these thirty days.",,100
Esther 8:8,Esther,8,8,medium,8,0,0,0,0,,9,2,0,0,0,0,0,0,0,,,0,0,0,0,,,0,,,,,,,"king, name","importance=medium; keywords=king, name; crossref_top_vote=9","Write also yourselves in my name as seems good to you, and seal it with my ring. For whatever is written when the king commands and sealed with my ring, there is no contradicting it.",,101
Job 1:8,Job,1,8,medium,9,0,0,0,0,,12,0,0,0,0,0,0,0,0,,,0,0,0,0,,,0,,,,,,,"god, lord, servant","importance=medium; keywords=god, lord, servant; crossref_top_vote=12","And the Lord said to him, Did you set your mind against my servant Iōb, because there is no man like him on the earth, blameless, true, god-fearing, turning away from every evil thing?",,103
Job 2:3,Job,2,3,medium,10,0,0,0,0,,7,4,0,0,0,0,0,0,0,,,0,0,0,0,,,0,,,,,,,"god, lord, servant","importance=medium; keywords=god, lord, servant; crossref_top_vote=7","And the Lord said to the slanderer, Did you then give attention to my servant Iōb, because there is no man like him on the earth, innocent, true, blameless, god-fearing, turning away from every evil, and he still holds fast his innocence? Yet you spoke against his possessions to destroy them for nothing.",,104
Job 42:17,Job,42,17,medium,9,0,0,0,0,,11,0,0,0,0,0,0,0,0,,,0,0,0,0,,,0,,,,,,,"king, lord, name","importance=medium; keywords=king, lord, name; crossref_top_vote=11","And Iōb died old and full of days. And it is written that he will rise again with those whom Lord raises up. This man, interpreted from Syriac book, dwelt in land Ausitis on borders of Idumaia and Arabia, and his former name was Iōbab. Taking Arabian wife, he fathered son whose name was Ennon. And he himself was son of Zare, one of sons of Esau, from mother Bosorra, so as to be fifth from Abraham. And these were kings who reigned in Edom, over which he also first ruled: Balak son of Beōr, and name of his city was Dennaba; after Balak, Iōbab called Iōb; after him Asom, ruler from country of Thaimanitis; after him Adad son of Barad, who cut down Madiam in plain of Mōab, and name of his city was Geththaim. And friends coming to him were Eliphas king of sons of Esau from Thaimanites, Baldad tyrant of Sauchites, and Sophar king of Minaians.",,107
Psalms 19:7,Psalms,19,7,low,13,0,0,0,0,,52,2,0,0,0,0,0,0,0,,,0,0,0,0,,,0,,,,,,,"anointed, holy, lord, salvation","importance=low; keywords=anointed, holy, lord, salvation; crossref_top_vote=52",Now I knew that Lord saved his Anointed; he will hear him from his holy heaven. Salvation of his right hand is in acts of power.,,108
Psalms 23:5,Psalms,23,5,low,13,0,0,0,0,,84,3,0,0,0,0,0,0,0,,,0,0,0,0,,,0,,,,,,,"god, lord, mercy, savior","importance=low; keywords=god, lord, mercy, savior; crossref_top_vote=84",This one will receive blessing from Lord and mercy from God his savior.,,109
Psalms 84:11,Psalms,84,11,low,14,0,0,0,0,,106,3,0,0,0,0,0,0,0,,,0,0,0,0,,,0,,,,,,,"mercy, peace, righteousness, truth","importance=low; keywords=mercy, peace, righteousness, truth; crossref_top_vote=106",Mercy and truth met together; righteousness and peace kissed.,,112
Song of Solomon 1:7,Song of Solomon,1,7,medium,8,0,0,0,0,,8,3,0,0,0,0,0,0,0,,,0,0,0,0,,,0,,,,,,,"shepherd, soul","importance=medium; keywords=shepherd, soul; crossref_top_vote=8","Tell me, you whom my soul loved, where do you shepherd, where do you rest at noon, lest I become as one veiled over flocks of your companions?",,126
Song of Solomon 2:3,Song of Solomon,2,3,medium,6,0,0,0,0,,7,4,0,0,0,0,0,0,0,,,0,0,0,0,,,0,,,,,,,beloved,importance=medium; keywords=beloved; crossref_top_vote=7,"As an apple tree among trees of the grove, so my beloved in midst of sons. In his shadow I desired and sat, and his fruit was sweet to my palate.",,127
Song of Solomon 2:9,Song of Solomon,2,9,medium,6,0,0,0,0,,6,5,0,0,0,0,0,0,0,,,0,0,0,0,,,0,,,,,,,beloved,importance=medium; keywords=beloved; crossref_top_vote=6,"My beloved is like gazelle or fawn of deer on mountains of Bethel. Look, he stands behind our wall, peering through windows, looking through lattices.",,128
Song of Solomon 5:6,Song of Solomon,5,6,medium,8,0,0,0,0,,5,1,0,0,0,0,0,0,0,,,0,0,0,0,,,0,,,,,,,"beloved, soul","importance=medium; keywords=beloved, soul; crossref_top_vote=5","I opened, I, to my beloved; my beloved passed by. My soul went out at his word. I sought him and did not find him; I called him and he did not answer me.",,130
Song of Solomon 6:2,Song of Solomon,6,2,low,7,0,0,0,0,,7,2,0,0,0,0,0,0,0,,,0,0,0,0,,,0,,,,,,,"beloved, shepherd","importance=low; keywords=beloved, shepherd; crossref_top_vote=7","My beloved went down into his garden, into bowls of spice, to shepherd in gardens and gather lilies.",,131
Isaiah 9:6,Isaiah,9,6,low,14,0,0,0,0,,177,6,0,0,0,0,0,0,0,,,0,0,0,0,,,0,,,,,,,"judgment, lord, peace, righteousness","importance=low; keywords=judgment, lord, peace, righteousness; crossref_top_vote=177","Great his rule, and his peace has no boundary, upon throne of David and his kingdom, to make it prosper and uphold it in righteousness and judgment from now and forever. Zeal of Lord Sabaoth will do these things.",,132
Isaiah 12:2,Isaiah,12,2,low,15,0,0,0,0,,54,1,0,2,2,0,0,0,0,,keep,0,0,0,0,,,0,,,,,,,"glory, god, lord, salvation, savior","importance=low; keywords=glory, god, lord, salvation, savior; crossref_top_vote=54; eng=fresh:2/brenton:0/mt:0; eng_reco=keep","Behold, my God is my savior. I will trust in the Lord and be saved in him, and I will not fear, because the Lord is my glory and my praise, and he became salvation to me.",,133
Isaiah 44:2,Isaiah,44,2,low,14,0,0,0,0,,200,1,0,0,0,0,0,0,0,,,0,0,0,0,,,0,,,,,,,"beloved, god, lord, servant","importance=low; keywords=beloved, god, lord, servant; crossref_top_vote=200","Thus says Lord God, one making you and shaping you from womb: You will still be helped. Do not fear, my servant Jacob, beloved Israel whom I chose.",,134
Isaiah 49:7,Isaiah,49,7,medium,14,0,0,0,0,,12,2,0,0,0,0,0,0,0,,,0,0,0,0,,,0,,,,,,,"god, holy, lord, servant, soul","importance=medium; keywords=god, holy, lord, servant, soul; crossref_top_vote=12","Thus says Lord, the one rescuing you, the God of Israel: to the one despised in soul, to the one abhorred by nations, to servant of rulers: Kings will see and rise, rulers also, and will worship, because of Lord, because Holy One of Israel is faithful, and he chose you.",,135
Isaiah 54:10,Isaiah,54,10,medium,19,0,0,0,0,,56,3,0,0,0,0,0,0,0,,needs_logos,0,0,0,0,,,0,,,,,,,"being, covenant, lord, mercy, peace","importance=medium; keywords=being, covenant, lord, mercy, peace; crossref_top_vote=56; eng_reco=needs_logos","Mountains may be moved and your hills shaken, but my mercy for you will not fail, and the covenant of your peace will not be moved, says the Lord, being gracious to you.",,136
Isaiah 59:21,Isaiah,59,21,medium,15,0,0,0,0,,320,3,0,0,0,0,0,0,0,,,0,0,0,0,,,0,,,,,,,"covenant, lord, seed, spirit","importance=medium; keywords=covenant, lord, seed, spirit; crossref_top_vote=320","And this covenant from me with them, said Lord: My Spirit which is on you and words I put in your mouth will not fail from your mouth nor from mouth of your seed, said Lord, from now and forever.",,137
Jeremiah 23:5,Jeremiah,23,5,low,14,0,0,0,0,,23,1,0,0,0,0,0,0,0,,,0,0,0,0,,,0,,,,,,,"judgment, king, lord, righteous, righteousness","importance=low; keywords=judgment, king, lord, righteous, righteousness; crossref_top_vote=23","Behold, days come, says Lord, and I will raise up for David a righteous dawning, and a king will reign and understand and do judgment and righteousness upon earth.",,143
Lamentations 2:6,Lamentations,2,6,low,8,0,0,0,0,,5,0,0,0,0,0,0,0,0,,,0,0,0,0,,,0,,,,,,,"king, lord, priest","importance=low; keywords=king, lord, priest; crossref_top_vote=5",He scattered his tent like a vine. He destroyed his feast. Lord forgot in Zion feast and sabbath and provoked in crash of his anger king and priest and ruler.,,146
Lamentations 2:9,Lamentations,2,9,low,8,0,0,0,0,,7,0,0,0,0,0,0,0,0,,,0,0,0,0,,,0,,,,,,,"king, law, lord","importance=low; keywords=king, law, lord; crossref_top_vote=7","Her gates sank into the ground. He destroyed and broke her bars. Her king and her rulers are among the nations. There is no law, and even her prophets did not see a vision from the Lord.",,147
Lamentations 3:26,Lamentations,3,26,low,8,0,0,0,0,,35,3,0,0,0,0,0,0,0,,,0,0,0,0,,,0,,,,,,,"lord, salvation","importance=low; keywords=lord, salvation; crossref_top_vote=35",And he waits and is quiet for salvation of Lord.,,149
Ezekiel 43:19,Ezekiel,43,19,low,11,0,0,0,0,,5,1,0,0,0,0,0,0,0,,,0,0,0,0,,,0,,,,,,,"god, lord, seed, sin","importance=low; keywords=god, lord, seed, sin; crossref_top_vote=5","And you will give to the Levitical priests, from seed of Zadok, those drawing near to me to minister to me, says Lord God, a young bull from the herd for sin.",,153
Daniel 3:28,Daniel,3,28,medium,12,0,0,0,0,,14,3,0,0,0,0,0,0,0,,,0,0,0,0,,,0,,,,,,,"angel, god, king, lord","importance=medium; keywords=angel, god, king, lord; crossref_top_vote=14","And king Nebuchadnezzar answered and said, Blessed is Lord God of Shadrach, Meshach, and Abednego, who sent his angel and saved his servants who hoped in him. For they set aside command of the king and gave their bodies over to burning so that they would not serve or worship another god except their own God.",,156
Daniel 4:22,Daniel,4,22,medium,12,0,0,0,0,,4,1,0,0,0,0,0,0,0,,,0,0,0,0,,,0,,,,,,,"being, god, holy, king","importance=medium; keywords=being, god, holy, king; crossref_top_vote=4","And as for that tree being lifted up and coming near heaven and its trunk touching clouds, you, king, were exalted above all humans on face of whole earth. Your heart was lifted up in pride, and in strength your works were shown against the Holy One and his angels, because you laid waste house of living God because of sins of his consecrated people.",,157
Daniel 4:33,Daniel,4,33,medium,12,0,0,0,0,,3,1,0,0,0,0,0,0,0,,,0,0,0,0,,,0,,,,,,,"god, king, lord, soul","importance=medium; keywords=god, king, lord, soul; crossref_top_vote=3","By morning all these things will be completed upon you, Nebuchadnezzar king of Babylon, and none of them will fail. I, Nebuchadnezzar king of Babylon, was bound for seven years; they fed me grass like an ox, and I ate from herbs of the earth. And after seven years I gave my soul to prayer and begged concerning my sins before Lord God of heaven, and concerning my ignorances I prayed to God of gods, the great one. And my hair became like eagle feathers, and my nails like those of a lion. My flesh was changed, and my heart; I walked naked among beasts of the earth. I saw a dream, and thoughts seized me, and after a time much sleep took me and drowsiness fell upon me.",,158
Daniel 4:37,Daniel,4,37,medium,16,0,0,0,0,,16,3,0,0,0,0,0,0,0,,,0,0,0,0,,,0,,,,,,,"god, holy, king, lord, sacrifice, soul","importance=medium; keywords=god, holy, king, lord, sacrifice, soul; crossref_top_vote=16","I confess and praise the Most High, the one who made heaven and earth and seas and rivers and all in them. I confess and praise because he is God of gods and Lord of lords and King of kings, because he works signs and wonders and changes times and seasons, removing kingdom from kings and setting others in their place. From now on I will serve him, and fear of him has seized me, and I praise all his holy ones. Gods of nations have no power in themselves to turn kingdom of a king to another king, or to kill and make alive, or to do great and fearsome signs and wonders, or to change exceedingly great things, as God of heaven did in me and changed great things upon me. All days of my kingdom I will offer sacrifices concerning my soul to the Most High as sweet smell to the Lord, and I and my people and my nation and my lands under my authority will do what is pleasing before him. And whoever speaks against God of heaven, and whoever is caught speaking, I will condemn to death. King Nebuchadnezzar wrote a circular letter to all nations and lands and languages dwelling in all regions and generations: Praise Lord God of heaven and offer sacrifice and offering to him gloriously. I, king of kings, confess him gloriously, because this day he has done thus with me and seated me on my throne, and my authority and kingdom were restored to me. It seemed good to me to show you and your wise men that there is a God and his wonders are great. His kingdom is a kingdom forever, his authority from generations to generations. And he sent letters concerning all things that happened to him in his kingdom to all nations under his kingdom.",,160
Hosea 3:4,Hosea,3,4,medium,10,0,0,0,0,,6,1,0,0,0,0,0,0,0,,,0,0,0,0,,,0,,,,,,,"altar, king, sacrifice","importance=medium; keywords=altar, king, sacrifice; crossref_top_vote=6",Because many days sons of Israel will sit without king and without ruler and without sacrifice and without altar and without priesthood and without manifestations.,,162
Hosea 13:4,Hosea,13,4,low,11,0,0,0,0,,13,1,0,0,0,0,0,0,0,,,0,0,0,0,,,0,,,,,,,"created, god, lord, savior","importance=low; keywords=created, god, lord, savior; crossref_top_vote=13","But I am Lord your God, establishing heaven and creating earth, whose hands created all army of heaven, and I did not show them to you for you to go after them. And I brought you up from land of Egypt, and besides me you will know no god, and there is no savior except me.",,167
Amos 2:7,Amos,2,7,medium,10,0,0,0,0,,5,1,0,0,0,0,0,0,0,,,0,0,0,0,,,0,,,,,,,"god, name, servant","importance=medium; keywords=god, name, servant; crossref_top_vote=5","Those trampling heads of the poor into the dust of the earth and turning aside way of humble, and son and father were going in to same servant-girl so as to profane name of their God.",,174
Amos 4:13,Amos,4,13,medium,13,0,0,0,0,,16,0,0,0,0,0,0,0,0,,,0,0,0,0,,,0,,,,,,,"anointed, god, lord, name, wind","importance=medium; keywords=anointed, god, lord, name, wind; crossref_top_vote=16","For, behold, I am he that strengthens the thunder and creates the wind and proclaims to humans his anointed one, forming the morning and the darkness and mounting on the high places of the earth; the Lord God Almighty is his name.",,176
Obadiah 1:17,Obadiah,1,17,low,7,0,0,0,0,,15,1,0,0,0,0,0,0,0,,,0,0,0,0,,,0,,,,,,,"holy, salvation","importance=low; keywords=holy, salvation; crossref_top_vote=15","But on mount Zion there will be salvation, and it will be holy, and house of Jacob will inherit those who inherited them.",,185
Jonah 1:9,Jonah,1,9,low,8,0,0,0,0,,7,0,0,0,0,0,0,0,0,,,0,0,0,0,,,0,,,,,,,"god, lord, servant","importance=low; keywords=god, lord, servant; crossref_top_vote=7","He said to them, I am servant of Lord, and I worship Lord God of heaven, who made sea and dry land.",,187
Jonah 2:10,Jonah,2,10,low,9,0,0,0,0,,10,2,0,0,0,0,0,0,0,,,0,0,0,0,,,1,soteria-sacrifice-formula,AutoComplete.db WordSense; Bible Word Study; Factbook; recent history,lexical_support,salvation-shaped rendering,high,keep,"lord, sacrifice, salvation","importance=low; keywords=lord, sacrifice, salvation; crossref_top_vote=10; logos=1; logos_reco=keep; logos_flags=lexical_support; logos_support=salvation-shaped rendering","But I, with a voice of praise and confession, will sacrifice to you. Whatever I vowed I will repay to you. Salvation belongs to the Lord.",,191
Micah 5:3,Micah,5,3,low,16,0,0,0,0,,11,4,0,0,0,0,0,0,0,,needs_logos,0,0,0,0,,,0,,,,,,,"glory, god, lord, name, shepherd","importance=low; keywords=glory, god, lord, name, shepherd; crossref_top_vote=11; eng_reco=needs_logos","And he will stand and see and shepherd his flock in strength of the Lord and in glory of the name of the Lord their God. They will remain, because now he will be made great to the ends of the earth.",,194
Micah 6:7,Micah,6,7,medium,11,0,0,0,0,,7,0,0,0,0,0,0,0,0,,,0,0,0,0,,,0,,,,,,,"firstborn, lord, sin, soul","importance=medium; keywords=firstborn, lord, sin, soul; crossref_top_vote=7","Will Lord accept thousands of rams or tens of thousands of torrents of fat? Shall I give my firstborn for impiety, fruit of my womb for sin of my soul?",,195
Micah 7:7,Micah,7,7,low,10,0,0,0,0,,45,1,0,0,0,0,0,0,0,,,0,0,0,0,,,0,,,,,,,"god, lord, savior","importance=low; keywords=god, lord, savior; crossref_top_vote=45",But I will look to Lord; I will wait for God my savior; my God will hear me.,,197
Habakkuk 3:18,Habakkuk,3,18,low,10,0,0,0,0,,33,2,0,0,0,0,0,0,0,,,0,0,0,0,,,0,,,,,,,"god, lord, savior","importance=low; keywords=god, lord, savior; crossref_top_vote=33",But I will exult in Lord; I will rejoice in God my savior.,,209
Zephaniah 1:8,Zephaniah,1,8,low,8,0,0,0,0,,6,0,0,0,0,0,0,0,0,,,0,0,0,0,,,0,,,,,,,"king, lord, sacrifice","importance=low; keywords=king, lord, sacrifice; crossref_top_vote=6",And it will be in day of the Lord's sacrifice: I will take vengeance on the rulers and on the king's house and on all wearing foreign garments.,,211
Haggai 1:1,Haggai,1,1,low,8,0,0,0,0,,6,0,0,0,0,0,0,0,0,,,0,0,0,0,,,0,,,,,,,"king, lord, priest","importance=low; keywords=king, lord, priest; crossref_top_vote=6","In second year of Darius king, in sixth month, on first day of month, word of Lord came by hand of Haggai prophet, saying: Speak now to Zerubbabel son of Salathiel from tribe of Judah, and to Jeshua son of Josedek, the great priest, saying,",,216
Haggai 2:9,Haggai,2,9,medium,12,0,0,0,0,,18,4,0,0,0,0,0,0,0,,,0,0,0,0,,,0,,,,,,,"glory, lord, peace, soul","importance=medium; keywords=glory, lord, peace, soul; crossref_top_vote=18","Latter glory of this house will be greater than first, says Lord Almighty, and in this place I will give peace, says Lord Almighty, and peace of soul for preservation to everyone building to raise this temple.",,221
Zechariah 12:10,Zechariah,12,10,medium,15,0,0,0,0,,34,4,0,0,0,0,0,0,0,,,0,0,0,0,,,0,,,,,,,"beloved, compassion, firstborn, grace, spirit","importance=medium; keywords=beloved, compassion, firstborn, grace, spirit; crossref_top_vote=34","And I will pour out upon house of David and upon inhabitants of Jerusalem spirit of grace and compassion, and they will look toward me because they mocked, and they will mourn for him with mourning as for beloved one and grieve over him as over firstborn.",,225
Zechariah 14:5,Zechariah,14,5,low,11,0,0,0,0,,9,5,0,0,0,0,0,0,0,,,0,0,0,0,,,0,,,,,,,"god, holy, king, lord","importance=low; keywords=god, holy, king, lord; crossref_top_vote=9","And ravine of my mountains will be blocked up, and ravine of mountains will cling together as far as Iasol, and it will be blocked as it was blocked in days of earthquake in days of Uzziah king of Judah, and Lord my God will come and all holy ones with him.",,227
Malachi 1:6,Malachi,1,6,low,11,0,0,0,0,,61,4,0,0,0,0,0,0,0,,,0,0,0,0,,,0,,,,,,,"lord, name, servant","importance=low; keywords=lord, name, servant; crossref_top_vote=61","A son honors father and a servant his master. If I am father, where is my honor? And if I am Lord, where is my fear? says Lord Almighty to you, priests despising my name. And you said, In what have we despised your name?",,228
Malachi 1:14,Malachi,1,14,medium,10,0,0,0,0,,8,3,0,0,0,0,0,0,0,,,0,0,0,0,,,0,,,,,,,"king, lord, name","importance=medium; keywords=king, lord, name; crossref_top_vote=8","Cursed is one who was able, and there was a male in his flock, and his vow was upon him, yet he sacrifices to the Lord a spoiled thing. Because I am a great King, says the Lord Almighty, and my name is manifest among the nations.",,229
Malachi 2:6,Malachi,2,6,medium,10,0,0,0,0,,12,6,0,0,0,0,0,0,0,,,0,0,0,0,,,0,,,,,,,"law, peace, truth","importance=medium; keywords=law, peace, truth; crossref_top_vote=12","Law of truth was in his mouth, and injustice was not found on his lips. In peace he walked straight with me and turned many from injustice.",,230
